scorer,DLC_resnet50_BeamTraining1Dec27shuffle1_20000,DLC_resnet50_BeamTraining1Dec27shuffle1_20000,DLC_resnet50_BeamTraining1Dec27shuffle1_20000,DLC_resnet50_BeamTraining1Dec27shuffle1_20000,DLC_resnet50_BeamTraining1Dec27shuffle1_20000,DLC_resnet50_BeamTraining1Dec27shuffle1_20000,DLC_resnet50_BeamTraining1Dec27shuffle1_20000,DLC_resnet50_BeamTraining1Dec27shuffle1_20000,DLC_resnet50_BeamTraining1Dec27shuffle1_20000
bodyparts,BeamLeft,BeamLeft,BeamLeft,BeamMiddle,BeamMiddle,BeamMiddle,BeamRight,BeamRight,BeamRight
coords,x,y,likelihood,x,y,likelihood,x,y,likelihood
0,474.914306640625,33.966896057128906,0.0050333421677351,1135.5523681640625,87.57537078857422,0.0018268601270392537,468.29559326171875,34.61944580078125,0.01839429698884487
1,475.8448181152344,33.935489654541016,0.0033892951905727386,1135.6190185546875,87.5465087890625,0.001675654435530305,468.8418884277344,34.705867767333984,0.012069985270500183
2,475.2415771484375,33.83330535888672,0.00503133237361908,474.1482238769531,34.642784118652344,0.0015754454070702195,468.4234313964844,34.569061279296875,0.016343945637345314
3,476.06048583984375,34.36437225341797,0.002820801455527544,1135.3629150390625,87.29695892333984,0.0016709420597180724,469.0615234375,34.97859573364258,0.012398876249790192
4,475.8005676269531,33.9371452331543,0.0033276951871812344,1135.302978515625,87.34400177001953,0.0013064146041870117,469.2699890136719,34.73291015625,0.0139082632958889
5,474.84442138671875,34.01660919189453,0.006297626066952944,474.30059814453125,34.603515625,0.0020689847879111767,468.15301513671875,34.63990783691406,0.01920619234442711
6,476.2145080566406,34.45858383178711,0.003282770747318864,474.3174743652344,35.15299606323242,0.0014591513900086284,468.97467041015625,35.18485641479492,0.012346324510872364
7,475.79583740234375,34.13103485107422,0.003378226887434721,1135.767578125,87.00687408447266,0.0013535633916035295,468.8817138671875,34.89904022216797,0.013580890372395515
8,475.6985778808594,33.944637298583984,0.004193469416350126,1135.8173828125,86.83489990234375,0.0016456922749057412,468.46868896484375,34.64459991455078,0.016338035464286804
9,476.442626953125,34.089324951171875,0.0024793383199721575,1135.4825439453125,87.26353454589844,0.001731053227558732,469.7730712890625,34.90383529663086,0.010041262023150921
10,475.4666442871094,34.26454162597656,0.004946997854858637,473.97344970703125,35.02943801879883,0.0017471087630838156,469.1490173339844,34.99736785888672,0.018117012456059456
11,475.96600341796875,33.839683532714844,0.004022222477942705,1135.496826171875,87.57066345214844,0.0022083520889282227,469.17767333984375,34.51496887207031,0.015994379296898842
12,475.1152038574219,33.71832275390625,0.00464387983083725,474.2122802734375,34.66264724731445,0.0015543980989605188,467.906494140625,34.416534423828125,0.01811150275170803
13,476.55230712890625,34.25128936767578,0.002755194902420044,473.5919189453125,34.83887481689453,0.0011831056326627731,469.40087890625,34.791404724121094,0.011083229444921017
14,476.2616882324219,33.80140686035156,0.003396063344553113,473.8430480957031,34.71327590942383,0.0012624512892216444,469.4191589355469,34.57584762573242,0.013232436962425709
15,476.2810363769531,33.91108322143555,0.0037502897903323174,1135.4552001953125,87.84512329101562,0.0017700426978990436,469.9051208496094,34.708221435546875,0.01254284754395485
16,475.4533996582031,34.24721908569336,0.003783413441851735,1135.580078125,87.1043472290039,0.0013978020288050175,468.91802978515625,35.05061721801758,0.013503585942089558
17,475.676025390625,33.97435760498047,0.0047998931258916855,473.98858642578125,34.782806396484375,0.0017836015904322267,468.8678283691406,34.65785217285156,0.01728575862944126
18,475.7828369140625,33.73502731323242,0.0045694224536418915,474.0484924316406,34.58681106567383,0.0016348089557141066,469.0729675292969,34.48776626586914,0.016920631751418114
19,475.3653564453125,34.05684280395508,0.004645852837711573,474.1477966308594,34.52150344848633,0.0016495826421305537,468.81451416015625,34.617088317871094,0.018510866910219193
20,475.8647766113281,33.64564514160156,0.0030854488722980022,1135.1988525390625,87.60444641113281,0.0016591808525845408,468.9098815917969,34.20482635498047,0.01297712791711092
21,475.558349609375,33.9483642578125,0.0039432053454220295,474.1066589355469,34.65044403076172,0.0013771704398095608,468.6124267578125,34.50242614746094,0.015388589352369308
22,475.4818420410156,34.30891799926758,0.0038991852197796106,473.8565368652344,35.23008728027344,0.0014536903472617269,468.46783447265625,35.01741409301758,0.014916540123522282
23,475.73211669921875,33.917720794677734,0.004065564833581448,473.9405822753906,34.72486877441406,0.0014648541109636426,468.9300537109375,34.6207389831543,0.016190828755497932
24,475.79736328125,33.955204010009766,0.003977814689278603,1135.7744140625,87.3311996459961,0.0018364456482231617,469.00262451171875,34.68802261352539,0.014930889941751957
25,476.0860290527344,34.36648178100586,0.0037921650800853968,1135.5023193359375,87.12690734863281,0.001559071009978652,469.5581359863281,35.01189422607422,0.01314547285437584
26,475.57879638671875,34.247398376464844,0.0030930794309824705,1135.387451171875,87.27555084228516,0.0013109691208228469,468.1260986328125,35.06403732299805,0.01299421489238739
27,475.449462890625,33.837486267089844,0.003684486960992217,1135.7923583984375,87.5287094116211,0.0017113334033638239,467.8077697753906,34.546669006347656,0.017555437982082367
28,475.1331787109375,34.16962814331055,0.004562550224363804,474.2305908203125,35.12570571899414,0.0016286030877381563,468.68017578125,34.874271392822266,0.016140298917889595
29,475.92950439453125,34.23417282104492,0.0030771757010370493,1135.818115234375,86.98359680175781,0.0013933205045759678,468.909423828125,34.8764762878418,0.012185881845653057
30,476.58868408203125,34.24407958984375,0.002367963781580329,1135.67578125,87.47080993652344,0.0022237382363528013,468.7947082519531,34.97379684448242,0.008064069785177708
31,475.4962158203125,34.2589111328125,0.005222351755946875,474.1677551269531,34.85065460205078,0.00190682802349329,469.0500183105469,34.74179458618164,0.017861321568489075
32,475.9042663574219,33.50619888305664,0.004559081979095936,473.9834899902344,34.48243713378906,0.0016077124746516347,468.9156494140625,34.39780807495117,0.01940484344959259
33,475.5881652832031,33.86922073364258,0.004136214032769203,1135.6676025390625,87.3050537109375,0.0016054712468758225,468.66033935546875,34.46254348754883,0.017062127590179443
34,474.9545593261719,33.907344818115234,0.006082392297685146,474.0692443847656,34.77414321899414,0.001959580695256591,468.362060546875,34.63298034667969,0.01874462328851223
35,476.2678527832031,34.294395446777344,0.00355287897400558,1135.7867431640625,87.45359802246094,0.0017786945682018995,469.7048645019531,34.84458923339844,0.013159669935703278
36,475.5654296875,34.08154296875,0.004367539659142494,1135.382568359375,87.39791870117188,0.0017977389506995678,468.5393371582031,34.725929260253906,0.01858571544289589
37,475.3691101074219,33.82631301879883,0.004922674037516117,474.0673828125,34.37220764160156,0.0015291308518499136,468.71063232421875,34.391510009765625,0.017926737666130066
38,475.6778564453125,34.036781311035156,0.0038255194667726755,1135.4923095703125,87.42405700683594,0.001594477565959096,468.74151611328125,34.92551040649414,0.013846336863934994
39,475.75927734375,33.77778625488281,0.004020377062261105,1135.40087890625,87.45034790039062,0.001698777312412858,468.67315673828125,34.527217864990234,0.01592186465859413
40,475.4112548828125,33.970333099365234,0.003826071508228779,474.2544860839844,34.842262268066406,0.0013649390311911702,468.27752685546875,34.57801818847656,0.01677379198372364
41,476.4368896484375,33.87445831298828,0.003445054404437542,473.755615234375,34.552547454833984,0.0012052543461322784,469.3076477050781,34.53450393676758,0.01118693221360445
42,476.3908996582031,33.77595901489258,0.0032551358453929424,473.72674560546875,34.56111526489258,0.0012537427246570587,469.4787902832031,34.44865036010742,0.012578675523400307
43,475.5211181640625,33.64644241333008,0.0036601575557142496,474.1951904296875,34.54193115234375,0.0013694493100047112,468.45001220703125,34.40531921386719,0.0169384628534317
44,475.5306396484375,34.06289291381836,0.0038259774446487427,473.5151062011719,35.2642707824707,0.0014086631126701832,469.1786804199219,34.90650177001953,0.014683972112834454
45,476.5569763183594,34.165748596191406,0.002534447005018592,1135.281494140625,87.59664154052734,0.0015546579379588366,469.4842224121094,34.75669479370117,0.010565622709691525
46,476.0540771484375,33.65924835205078,0.004136919509619474,473.62677001953125,34.75733947753906,0.0014801266370341182,469.1871337890625,34.55714797973633,0.013652944006025791
47,476.1082458496094,34.295875549316406,0.0036447609309107065,473.8918151855469,35.05586242675781,0.0013745425967499614,469.2695617675781,35.009605407714844,0.013543273322284222
48,475.7861328125,33.95249938964844,0.004125143401324749,1135.373046875,87.57536315917969,0.0019401892786845565,468.8593444824219,34.52625274658203,0.01387359295040369
49,475.7373352050781,33.76698684692383,0.0045744264498353004,474.1585693359375,34.462074279785156,0.0016064285300672054,468.66705322265625,34.434085845947266,0.016561701893806458
50,476.33233642578125,34.066162109375,0.003449633251875639,1135.63525390625,87.29853057861328,0.001338235568255186,469.21380615234375,34.749576568603516,0.013166286051273346
51,475.2012939453125,33.92510986328125,0.0041155326180160046,473.8812255859375,35.192909240722656,0.0015746549470350146,468.84521484375,34.87541580200195,0.019100423902273178
52,476.09918212890625,33.86454772949219,0.003867494873702526,473.7535095214844,34.54534912109375,0.001419956679455936,469.1282958984375,34.56427764892578,0.014375712722539902
53,475.4507751464844,33.90149688720703,0.004589569754898548,474.3570556640625,34.51081085205078,0.0016688654432073236,468.3869323730469,34.521644592285156,0.01667998731136322
54,475.2484130859375,33.84952163696289,0.004528627265244722,473.2309875488281,35.05119705200195,0.001729934592731297,468.9937438964844,34.677703857421875,0.019368108361959457
55,476.6778259277344,33.99117660522461,0.0028577116318047047,1135.6607666015625,87.28434753417969,0.0015299044316634536,470.2920837402344,34.477054595947266,0.011085608042776585
56,475.62841796875,33.767513275146484,0.003872375236824155,1135.707275390625,87.6028823852539,0.0017692854162305593,469.016357421875,34.38529968261719,0.0159614197909832
57,476.0434875488281,34.07740783691406,0.0023092764895409346,1135.570068359375,87.2818603515625,0.0017359729390591383,468.4748840332031,34.852760314941406,0.00941428728401661
58,475.6386413574219,33.80580139160156,0.004043341148644686,474.2042541503906,34.57981872558594,0.0013781643938273191,468.4728088378906,34.4880256652832,0.014353001490235329
59,476.4247131347656,34.169273376464844,0.0027346054557710886,1135.5369873046875,87.48282623291016,0.0016634975327178836,469.5101318359375,34.70355987548828,0.011320337653160095
60,475.8583679199219,33.960296630859375,0.003983497619628906,473.93280029296875,34.587684631347656,0.0014684168854728341,468.65228271484375,34.53181457519531,0.015592260286211967
61,476.1359558105469,34.18899154663086,0.002676360309123993,474.1370849609375,34.9691276550293,0.001135602011345327,469.0079345703125,34.84237289428711,0.014007986523211002
62,475.4010925292969,33.95680618286133,0.004841863177716732,474.2134094238281,34.50840377807617,0.0016500988276675344,468.8103332519531,34.41892623901367,0.017003614455461502
63,475.5850524902344,34.09001159667969,0.004204283468425274,474.1313171386719,34.65074157714844,0.001496019889600575,468.6847229003906,34.74251174926758,0.015061639249324799
64,476.0815734863281,34.026283264160156,0.003770477371290326,1135.7645263671875,87.1928482055664,0.0016906590899452567,469.8648986816406,34.6129035949707,0.015434540808200836
65,475.7904357910156,34.1933708190918,0.003955552354454994,473.3580017089844,35.062034606933594,0.0015150734689086676,469.5476989746094,34.94943618774414,0.016072072088718414
66,475.728515625,34.04347610473633,0.004351939540356398,474.098876953125,34.4852294921875,0.0016390761593356729,468.6473388671875,34.55895233154297,0.01681569591164589
67,475.6395263671875,34.08734893798828,0.00408848887309432,1135.390869140625,87.42894744873047,0.0014315900625661016,469.1587829589844,34.76988983154297,0.01575968973338604
68,475.77191162109375,33.6002082824707,0.0038916494231671095,1135.5699462890625,87.11679077148438,0.0017251617973670363,468.65673828125,34.4246940612793,0.014339994639158249
69,475.8748779296875,34.17885971069336,0.004484318662434816,473.8570861816406,35.07563018798828,0.0016946354880928993,469.84149169921875,34.82901382446289,0.01695644110441208
70,476.2035217285156,34.006710052490234,0.002894017845392227,473.8143005371094,34.75297164916992,0.0010141993407160044,469.3333435058594,34.56550979614258,0.010688472539186478
71,475.6962890625,34.1586799621582,0.004457706585526466,474.083984375,34.95812225341797,0.00159285101108253,468.5995178222656,34.910804748535156,0.015507548116147518
72,475.50738525390625,33.709983825683594,0.004393258132040501,473.96832275390625,34.69414520263672,0.0016229345928877592,468.62994384765625,34.61286544799805,0.019411545246839523
73,475.6794738769531,33.699684143066406,0.00345232873223722,1135.575439453125,87.57393646240234,0.001980767585337162,468.3579406738281,34.587486267089844,0.014329923316836357
74,476.3117980957031,34.30592346191406,0.0022392491810023785,1135.6517333984375,87.44810485839844,0.002359552774578333,468.8695068359375,34.92402267456055,0.009759943000972271
75,475.7265319824219,34.05958557128906,0.003907368518412113,474.17266845703125,34.71714401245117,0.0014419278595596552,468.5530090332031,34.822208404541016,0.0156856756657362
76,475.4804992675781,34.079864501953125,0.005474261939525604,474.2591857910156,34.80519104003906,0.0017997212707996368,468.6256103515625,34.761085510253906,0.01776553876698017
77,475.615966796875,34.14814758300781,0.005447196774184704,473.9208068847656,34.852569580078125,0.0018935204716399312,469.0497741699219,34.763065338134766,0.01655157096683979
78,475.8558349609375,34.18521499633789,0.0036432978231459856,1135.6318359375,87.37411499023438,0.0014339806511998177,469.336669921875,34.812801361083984,0.014884904026985168
79,476.0472106933594,34.14199447631836,0.0030122518073767424,1135.7044677734375,87.20047760009766,0.0011649050284177065,469.107177734375,34.81718063354492,0.01124351192265749
80,475.93548583984375,34.41122055053711,0.003466390073299408,1135.4945068359375,87.63111114501953,0.002166654448956251,469.5091857910156,35.093605041503906,0.01285130437463522
81,475.9998779296875,34.06639099121094,0.003390277735888958,1135.4925537109375,87.60885620117188,0.0018538242438808084,469.2899475097656,34.7725830078125,0.013073228299617767
82,475.2594909667969,34.20705795288086,0.004737661685794592,474.0804748535156,35.213321685791016,0.0017722488846629858,468.760986328125,35.09711837768555,0.017989974468946457
83,475.18450927734375,33.77663040161133,0.004829176235944033,474.096923828125,34.81063461303711,0.0017023221589624882,468.2505187988281,34.50481414794922,0.017683234065771103
84,475.67620849609375,34.238868713378906,0.004518507514148951,473.7611999511719,35.037837982177734,0.001646254095248878,469.7370300292969,34.868064880371094,0.01833086460828781
85,476.5713806152344,34.24872970581055,0.002903460059314966,1135.6029052734375,87.600341796875,0.0014580340357497334,469.8716125488281,34.88071823120117,0.012085898779332638
86,475.3802490234375,33.99368667602539,0.002840188564732671,1135.4144287109375,87.5533447265625,0.0014403406530618668,468.5810546875,34.98230743408203,0.01456849742680788
87,475.3768615722656,33.92339324951172,0.004619011655449867,473.8601989746094,34.82176971435547,0.0016320903087034822,468.9566955566406,34.708045959472656,0.019304154440760612
88,475.5293273925781,34.25552749633789,0.004198759328573942,473.92095947265625,34.98476028442383,0.001597828697413206,468.91925048828125,34.75083923339844,0.017399437725543976
89,475.63690185546875,34.20489501953125,0.004353704396635294,474.0216979980469,35.214168548583984,0.0015302742831408978,468.9398193359375,35.10124206542969,0.016843121498823166
90,476.39166259765625,34.294376373291016,0.0026304039638489485,1135.6014404296875,87.10179138183594,0.0011931025655940175,469.4791564941406,34.933067321777344,0.011036057025194168
91,475.7730712890625,33.72289276123047,0.004388346802443266,473.8598937988281,34.33479690551758,0.0016055544838309288,469.18475341796875,34.277008056640625,0.01769902929663658
92,476.3932189941406,34.35533905029297,0.0033231209963560104,1135.6417236328125,87.66412353515625,0.0016806600615382195,470.1640319824219,35.05836868286133,0.013434281572699547
93,475.7880859375,34.08828353881836,0.00408257357776165,1135.6171875,87.82231140136719,0.0015931702218949795,469.0849609375,34.7454833984375,0.014933899976313114
94,476.21826171875,34.17385482788086,0.004281662870198488,474.0794982910156,34.779022216796875,0.0015638385666534305,469.4659118652344,34.74221420288086,0.015387780033051968
95,476.16436767578125,34.373268127441406,0.0023642517626285553,1135.3023681640625,87.67514038085938,0.0015459477435797453,468.5346984863281,35.02653503417969,0.008909614756703377
96,475.48602294921875,34.13827133178711,0.004315713886171579,1135.4769287109375,87.42549896240234,0.00180266541428864,468.3227233886719,34.69770431518555,0.018238836899399757
97,475.63543701171875,33.942771911621094,0.0035047188866883516,1135.6605224609375,87.25291442871094,0.001565933576785028,469.09637451171875,34.65978240966797,0.016329769045114517
98,475.4325256347656,34.17771530151367,0.0049991668201982975,474.1513671875,34.8927116394043,0.0017834623577073216,468.3784484863281,34.92409133911133,0.016008799895644188
99,475.6049499511719,34.082218170166016,0.004112495109438896,474.3153381347656,34.75144958496094,0.0014294921420514584,467.95794677734375,34.735347747802734,0.013727296143770218
100,475.481689453125,33.74089813232422,0.003836193820461631,1135.379150390625,87.89068603515625,0.0018018055707216263,468.27032470703125,34.549800872802734,0.01492195762693882
101,475.59771728515625,33.75210189819336,0.004476198926568031,1135.5714111328125,87.47281646728516,0.0017234187107533216,468.6405944824219,34.52548599243164,0.01862175017595291
102,476.36474609375,33.97648239135742,0.0034803319722414017,1135.597412109375,87.53514862060547,0.001617182744666934,469.5724792480469,34.6989631652832,0.015215897932648659
103,475.7358703613281,33.82024383544922,0.004430192522704601,473.733154296875,34.66986083984375,0.0015872552758082747,468.7638854980469,34.59794235229492,0.016985174268484116
104,475.8369445800781,33.93392562866211,0.004935867618769407,473.6790771484375,34.688777923583984,0.0017557389801368117,469.6041564941406,34.58051300048828,0.01741437055170536
105,475.29815673828125,33.718841552734375,0.004289058968424797,1135.626953125,87.39205169677734,0.0021539931185543537,468.4864501953125,34.59717559814453,0.01683102920651436
106,475.58990478515625,33.740421295166016,0.00456860288977623,474.2560729980469,34.34892272949219,0.0016902647912502289,468.7437438964844,34.35996627807617,0.01742335595190525
107,475.4616394042969,33.921268463134766,0.004386056214570999,1135.7728271484375,87.16364288330078,0.0017577942926436663,468.838134765625,34.81040954589844,0.015705589205026627
108,476.09088134765625,33.8566780090332,0.0033483607694506645,1135.2913818359375,87.36407470703125,0.0013276510871946812,469.1151123046875,34.62273025512695,0.011062724515795708
109,476.05621337890625,34.46747970581055,0.003078603884205222,1135.433349609375,87.62679290771484,0.0013250823831185699,469.18780517578125,35.016357421875,0.009805149398744106
110,475.9494934082031,34.29132843017578,0.004467332269996405,473.7638854980469,35.029441833496094,0.0017602929146960378,469.4363098144531,34.96672821044922,0.01698284223675728
111,475.6781921386719,33.813053131103516,0.0036773940082639456,1135.37890625,87.63420104980469,0.001845312537625432,468.175048828125,34.48213195800781,0.016572337597608566
112,475.9158630371094,34.003639221191406,0.0037430620286613703,1135.438720703125,87.37661743164062,0.0017508583841845393,468.922607421875,34.62773132324219,0.014636457897722721
113,475.9017028808594,33.87641525268555,0.0038804139476269484,1135.6131591796875,87.56853485107422,0.001669529010541737,468.7644348144531,34.63507843017578,0.016385124996304512
114,475.8019104003906,33.962890625,0.00293742842040956,1135.7071533203125,87.45272827148438,0.0017491657054051757,468.5527038574219,34.762481689453125,0.012675353325903416
115,475.52001953125,33.832054138183594,0.004726232960820198,473.82696533203125,34.576622009277344,0.0016024161595851183,468.890869140625,34.41284942626953,0.01743355393409729
116,475.47955322265625,33.87965393066406,0.005689406767487526,473.925537109375,34.61060333251953,0.002094721421599388,468.97344970703125,34.508331298828125,0.019892601296305656
117,476.47784423828125,34.203125,0.0029536897782236338,474.02532958984375,34.74955368041992,0.0011351736029610038,469.4729919433594,34.79645919799805,0.010186606086790562
118,476.3529357910156,34.1749153137207,0.0025243605487048626,1135.34912109375,87.37208557128906,0.0018360905814915895,505.20428466796875,36.53129577636719,0.010510299354791641
119,475.65679931640625,33.509033203125,0.005520432721823454,474.025146484375,34.175437927246094,0.0018096501007676125,469.0865783691406,34.139495849609375,0.020549610257148743
120,476.2585754394531,33.71512985229492,0.003180744359269738,1135.7086181640625,87.46541595458984,0.002225140342488885,469.25518798828125,34.41230773925781,0.012599977664649487
121,475.8404541015625,34.21255874633789,0.003293643007054925,1135.6881103515625,87.12898254394531,0.0016182208200916648,469.01861572265625,34.911319732666016,0.014918992295861244
122,475.8150939941406,34.40595245361328,0.004042693879455328,473.8075866699219,34.95228576660156,0.0015814570942893624,469.4425048828125,35.019290924072266,0.01719835214316845
123,475.3410949707031,33.577388763427734,0.005501491483300924,473.91375732421875,34.282894134521484,0.0018746047280728817,468.7816467285156,34.18680191040039,0.021159686148166656
124,475.79412841796875,33.534751892089844,0.004259882960468531,1135.534912109375,87.6098861694336,0.0022883617784827948,469.2053527832031,34.20148849487305,0.01697535254061222
125,476.1294250488281,34.26009750366211,0.002874509198591113,1135.5966796875,87.42938232421875,0.0018222174840047956,468.8437805175781,34.77665710449219,0.011213663034141064
126,475.5666198730469,34.371315002441406,0.005337726324796677,474.230712890625,34.9647102355957,0.00212311465293169,468.8259582519531,34.875362396240234,0.017848538234829903
127,476.4180603027344,34.12084197998047,0.0035298096481710672,1135.4122314453125,87.66393280029297,0.0015300718368962407,469.6811828613281,34.747962951660156,0.012796444818377495
128,475.6571044921875,33.87641143798828,0.005858849734067917,474.00555419921875,34.66672897338867,0.0021522892639040947,469.1958312988281,34.5988655090332,0.02292591519653797
129,475.8666687011719,34.353607177734375,0.0031580417416989803,1135.69091796875,87.46243286132812,0.0013725822791457176,468.1650390625,34.78032302856445,0.01003226451575756
130,475.5794982910156,34.293617248535156,0.004992399364709854,473.6708679199219,34.70166015625,0.0018253070302307606,469.28216552734375,34.698089599609375,0.01752663590013981
131,475.5574035644531,34.29214859008789,0.004854361992329359,473.7394104003906,35.07635498046875,0.0016597108915448189,469.05743408203125,34.8619499206543,0.014511078596115112
132,475.16131591796875,34.10315704345703,0.0056367055512964725,473.86907958984375,34.94711685180664,0.0018286400008946657,468.6590576171875,34.8846435546875,0.018937822431325912
133,476.57177734375,33.98089599609375,0.0032051755115389824,1135.621337890625,87.36154174804688,0.0022085474338382483,504.7435302734375,37.17892837524414,0.011829396709799767
134,476.0578918457031,33.96784591674805,0.0036378460936248302,1135.6104736328125,87.57769012451172,0.0014292695559561253,469.1397399902344,34.52054977416992,0.013704943470656872
135,475.6708984375,34.160736083984375,0.003918086178600788,1135.49560546875,87.35236358642578,0.0014123524306342006,468.6001281738281,34.74449920654297,0.013750401325523853
136,476.0003662109375,33.67559814453125,0.0035811858251690865,1135.683837890625,87.3316421508789,0.0013422499177977443,468.4170227050781,34.824134826660156,0.014541578479111195
137,476.0277404785156,33.89333724975586,0.0035013013985008,1135.4434814453125,87.39190673828125,0.001386822434142232,468.9812316894531,34.586952209472656,0.012318434193730354
138,475.5848083496094,33.98077392578125,0.003989710006862879,473.9575500488281,35.09254837036133,0.0015661983052268624,468.5124816894531,34.81147003173828,0.01643948443233967
139,475.76934814453125,34.142539978027344,0.003501205239444971,474.12890625,35.06447982788086,0.0015516667626798153,468.7409362792969,34.79443359375,0.014734510332345963
140,476.0389709472656,34.256309509277344,0.0028861071914434433,1135.4801025390625,87.50689697265625,0.0013765633339062333,468.71630859375,34.821346282958984,0.011158010922372341
141,476.005859375,33.88924026489258,0.004239615984261036,1135.4993896484375,87.23448181152344,0.001957779051735997,469.9645690917969,34.50559997558594,0.016816454008221626
142,476.3562316894531,33.70825958251953,0.0032971608452498913,1135.4661865234375,87.34320068359375,0.0012292126193642616,469.3265686035156,34.59294509887695,0.011770613491535187
143,476.222900390625,33.754085540771484,0.003091213759034872,1135.76953125,87.30907440185547,0.0012327261501923203,468.7119140625,34.37424850463867,0.011952676810324192
144,475.1194763183594,33.82347869873047,0.005098364315927029,1135.4185791015625,87.303955078125,0.0016951954457908869,468.11737060546875,34.621246337890625,0.015379192307591438
145,476.4890441894531,34.0660514831543,0.0022740100976079702,1135.582763671875,86.87175750732422,0.0010759086580947042,469.5655212402344,35.014373779296875,0.00946753192692995
146,475.43829345703125,33.392948150634766,0.004119910765439272,1135.7008056640625,87.58103942871094,0.0015283862594515085,468.1463623046875,34.330101013183594,0.015194143168628216
147,475.3122863769531,33.94404983520508,0.005139721091836691,1135.8282470703125,87.49581909179688,0.0024606322403997183,468.749755859375,34.58045196533203,0.01990819349884987
148,475.966064453125,33.91384506225586,0.0035997391678392887,1135.955078125,87.30841827392578,0.0017496271757408977,469.0697937011719,34.696449279785156,0.013509202748537064
149,475.5198669433594,34.00169372558594,0.00450523104518652,474.1437072753906,34.652259826660156,0.0016347388736903667,468.6759033203125,34.515235900878906,0.01750778593122959
150,476.4495849609375,34.60459899902344,0.003218140685930848,1135.6275634765625,87.11161041259766,0.0019944203086197376,470.076416015625,35.26966094970703,0.014219571836292744
151,475.43292236328125,33.52444076538086,0.005448765121400356,473.671875,34.48323440551758,0.0017051615286618471,468.8733215332031,34.32917785644531,0.019541176036000252
152,475.7006530761719,34.331260681152344,0.0034730874467641115,474.1263122558594,35.11361312866211,0.0013617981458082795,468.5090637207031,34.998077392578125,0.013629474677145481
153,475.38330078125,34.177032470703125,0.005659645423293114,473.8200988769531,34.79487991333008,0.002022727858275175,469.2810363769531,34.84733963012695,0.01898704096674919
154,476.0319519042969,34.00980758666992,0.004291342571377754,473.79925537109375,34.800636291503906,0.001525410101749003,469.3856201171875,34.674007415771484,0.015249272808432579
155,475.28778076171875,33.89047622680664,0.0046815425157547,474.11590576171875,34.768592834472656,0.0016456672456115484,468.6226501464844,34.57654571533203,0.017597874626517296
156,475.89801025390625,33.929019927978516,0.0031901164911687374,1135.6636962890625,87.50420379638672,0.0014391258591786027,468.30133056640625,34.53929138183594,0.013621937483549118
157,475.41900634765625,34.08189392089844,0.0041093225590884686,474.2325439453125,34.712554931640625,0.0016135412734001875,468.0277099609375,34.70777130126953,0.01589174009859562
158,475.3994140625,34.12736129760742,0.00412291893735528,1135.5718994140625,87.22527313232422,0.0016737680416554213,468.61651611328125,34.77908706665039,0.016925692558288574
159,475.5565185546875,34.20878601074219,0.003959732595831156,473.7758483886719,34.88771057128906,0.00133197708055377,469.1960754394531,34.66642379760742,0.01467442698776722
160,475.4701232910156,33.830875396728516,0.004647143185138702,473.93780517578125,34.651763916015625,0.0017496886430308223,469.1568298339844,34.39097213745117,0.021348554641008377
161,475.4607849121094,34.06449890136719,0.004431004635989666,473.534912109375,35.10801696777344,0.0016563154058530927,469.1425476074219,34.9126091003418,0.0165764968842268
162,475.36492919921875,34.047264099121094,0.004623009357601404,473.7207946777344,35.02458572387695,0.0016999243525788188,468.91400146484375,34.76913833618164,0.01830308884382248
163,475.7035827636719,34.014244079589844,0.003452778561040759,1135.53564453125,87.44116973876953,0.0018556867726147175,468.8542785644531,34.75881576538086,0.014603614807128906
164,475.8609313964844,33.90348434448242,0.003640232142060995,1135.671630859375,87.21166229248047,0.0015761579852551222,469.1157531738281,34.56072998046875,0.012888972647488117
165,475.727294921875,33.96723937988281,0.003964248578995466,1135.6844482421875,87.42620849609375,0.001455984660424292,468.8026123046875,34.96571350097656,0.016229741275310516
166,475.6226806640625,33.78799057006836,0.004137108102440834,474.1331787109375,34.55546188354492,0.0015188355464488268,468.6260986328125,34.46706008911133,0.018697714433073997
167,475.6083984375,33.964359283447266,0.003415941260755062,474.0984802246094,34.71158218383789,0.0012967012589797378,468.14794921875,34.513668060302734,0.014668837189674377
168,476.09326171875,34.14102554321289,0.0034744595177471638,1135.4381103515625,87.46745300292969,0.0012992764823138714,469.1122741699219,34.91502380371094,0.011796482838690281
169,476.1054992675781,34.053184509277344,0.004089403431862593,474.2911682128906,34.780662536621094,0.0014505790313705802,468.9244689941406,34.71428298950195,0.013924118131399155
170,475.4954528808594,33.8705940246582,0.004030023235827684,473.72119140625,34.41632080078125,0.0014866775600239635,468.82525634765625,34.43096160888672,0.017049536108970642
171,475.9273681640625,34.07767105102539,0.003386659547686577,1135.092529296875,87.15396118164062,0.0012876746477559209,468.8415222167969,34.77701187133789,0.01259707286953926
172,476.1058349609375,33.8754768371582,0.003543986938893795,1135.5516357421875,87.20972442626953,0.001534683513455093,468.5715026855469,34.6017951965332,0.01181170716881752
173,475.3054504394531,33.80030822753906,0.004833938088268042,474.3385314941406,34.728675842285156,0.0015214186860248446,468.3992919921875,34.48808670043945,0.015802882611751556
174,476.0699462890625,33.779640197753906,0.0035726625937968493,473.61285400390625,34.64120864868164,0.0012047624913975596,469.43359375,34.482669830322266,0.012216685339808464
175,1196.3060302734375,611.8338623046875,0.0053924256935715675,474.1943359375,34.704681396484375,0.0015440159477293491,1191.7618408203125,612.3549194335938,0.01544548012316227
176,1195.3111572265625,611.4493408203125,0.008688840083777905,1194.0859375,611.4539184570312,0.0019513587467372417,1191.5010986328125,610.9310913085938,0.02649857848882675
177,1193.7774658203125,610.4337768554688,0.03725636377930641,1194.53857421875,611.4487915039062,0.004532442428171635,1185.7794189453125,610.4307250976562,0.05657225847244263
178,1194.67138671875,610.982666015625,0.017677223309874535,1196.4195556640625,609.89453125,0.001713500008918345,1186.0079345703125,609.6578369140625,0.024618566036224365
179,1194.7325439453125,609.7109375,0.1083233430981636,1196.7318115234375,606.5294189453125,0.005694604944437742,1186.1246337890625,608.7623901367188,0.05642056465148926
180,1193.6112060546875,610.904052734375,0.09131833910942078,1196.9061279296875,611.490966796875,0.0040248362347483635,1190.2022705078125,611.1925659179688,0.03390197828412056
181,1192.962646484375,610.7864990234375,0.26585152745246887,1196.0947265625,613.1244506835938,0.010223804973065853,1190.9700927734375,610.7738647460938,0.043513223528862
182,1194.9571533203125,610.5949096679688,0.24403728544712067,1198.1119384765625,611.2142944335938,0.007826953195035458,1190.4375,610.6416625976562,0.04588346183300018
183,1195.056884765625,611.0693359375,0.2655622065067291,1198.546142578125,611.2346801757812,0.009633110836148262,1186.468994140625,611.15966796875,0.044096995145082474
184,1196.117919921875,611.6328735351562,0.2502746284008026,1179.88623046875,612.8192749023438,0.008364332839846611,1165.4788818359375,611.2685546875,0.0963178500533104
185,1195.8770751953125,611.8153076171875,0.2626279592514038,1181.23193359375,612.6184692382812,0.015370694920420647,1162.8125,611.9071655273438,0.05471852794289589
186,1195.0400390625,612.20654296875,0.18317702412605286,1180.0953369140625,611.9469604492188,0.007695272099226713,1183.302734375,610.855224609375,0.03987307846546173
187,1187.535888671875,615.7017822265625,0.3097046911716461,1180.8687744140625,612.7648315429688,0.015088479034602642,1153.2061767578125,611.007080078125,0.05941450968384743
188,1182.9599609375,613.7744750976562,0.1393287181854248,1181.6392822265625,612.3230590820312,0.010314266197383404,1150.44921875,612.5069580078125,0.06426508724689484
189,1182.306396484375,613.658447265625,0.19066990911960602,1182.1173095703125,612.3075561523438,0.017120974138379097,1152.3426513671875,611.4906616210938,0.18588803708553314
190,1181.80859375,613.495361328125,0.14395424723625183,1202.5927734375,611.2940673828125,0.024902235716581345,1140.282958984375,610.8460083007812,0.09556874632835388
191,1180.667724609375,612.8297119140625,0.45424884557724,1203.08837890625,611.6032104492188,0.04665360599756241,1138.9091796875,610.5615234375,0.046141400933265686
192,1178.968017578125,614.2787475585938,0.4865338206291199,1184.223876953125,612.608154296875,0.04197070747613907,1137.685791015625,611.6013793945312,0.05526375398039818
193,1180.2452392578125,613.614990234375,0.4805370271205902,1182.589599609375,612.7045288085938,0.05746845155954361,1174.481201171875,612.6796875,0.05678872764110565
194,1177.219482421875,612.9623413085938,0.3604871332645416,1183.57568359375,612.0602416992188,0.10082217305898666,1135.4796142578125,611.614501953125,0.1108967736363411
195,1163.6239013671875,612.2498168945312,0.3070506453514099,1181.259033203125,611.9675903320312,0.0782632976770401,1143.805419921875,611.9325561523438,0.07961059361696243
196,1164.7066650390625,612.208984375,0.17042779922485352,1180.5482177734375,612.324462890625,0.11646486073732376,1188.1624755859375,611.1248168945312,0.07756762951612473
197,1184.540283203125,613.6646118164062,0.1747746765613556,1179.906005859375,611.8856811523438,0.0991140604019165,1191.772216796875,610.03564453125,0.08239049464464188
198,1179.9915771484375,613.682861328125,0.138723224401474,1178.745849609375,611.5431518554688,0.06326361000537872,1185.86279296875,610.409912109375,0.18149766325950623
199,1179.4671630859375,612.3729248046875,0.1986556202173233,1178.850830078125,611.4987182617188,0.09824671596288681,1187.1160888671875,610.7077026367188,0.1927364617586136
200,1181.13427734375,611.8765258789062,0.20010708272457123,1179.1859130859375,611.6475219726562,0.0964265987277031,1126.9268798828125,612.2584228515625,0.18446283042430878
201,1181.2808837890625,611.9818725585938,0.19240042567253113,1178.6815185546875,611.7328491210938,0.1090414747595787,1187.6123046875,610.2911987304688,0.13537223637104034
202,1181.66015625,612.0914916992188,0.20157228410243988,1178.9541015625,611.9154663085938,0.09648683667182922,1105.736083984375,610.1963500976562,0.20119217038154602
203,1132.97900390625,612.1256103515625,0.1684786081314087,1180.7828369140625,611.3435668945312,0.08017664402723312,1123.6541748046875,611.529541015625,0.14713792502880096
204,1124.5892333984375,613.246337890625,0.24150456488132477,1182.6700439453125,611.0372314453125,0.142482191324234,1123.782958984375,611.7938842773438,0.21999897062778473
205,1124.7261962890625,613.1642456054688,0.49359676241874695,1199.9794921875,610.4711303710938,0.26974472403526306,1124.937255859375,612.3289184570312,0.17090043425559998
206,1124.2451171875,613.2113037109375,0.45202627778053284,1200.0166015625,610.0175170898438,0.3509880304336548,1125.872802734375,611.9310913085938,0.14204557240009308
207,1124.22216796875,613.203857421875,0.42526382207870483,1199.5806884765625,609.5286865234375,0.41483765840530396,1125.306396484375,611.6250610351562,0.09525194764137268
208,1123.09765625,613.1249389648438,0.5274006724357605,1183.44140625,610.36328125,0.4634634554386139,1195.0247802734375,610.3909912109375,0.07034450769424438
209,1126.9405517578125,611.6458740234375,0.49651798605918884,1183.9000244140625,610.1970825195312,0.4845137298107147,1194.9537353515625,610.092041015625,0.08680261671543121
210,1128.484130859375,611.8287353515625,0.41370806097984314,1184.4398193359375,610.462646484375,0.356962114572525,1039.658447265625,609.1107177734375,0.10463060438632965
211,1127.7476806640625,611.462890625,0.500328779220581,1184.3975830078125,610.3193969726562,0.47799092531204224,1115.1414794921875,611.9113159179688,0.09622957557439804
212,1127.8758544921875,611.1566772460938,0.5438857674598694,1184.6043701171875,609.9176025390625,0.49627161026000977,1117.2003173828125,611.8546752929688,0.1355695277452469
213,1124.044921875,612.1967163085938,0.5648739337921143,1184.47216796875,610.3919677734375,0.5176810026168823,1116.9237060546875,611.5435791015625,0.1722075641155243
214,1123.0936279296875,612.3367919921875,0.5534017086029053,1184.4619140625,610.3627319335938,0.45797133445739746,1117.3834228515625,610.9364013671875,0.14256195724010468
215,1123.62548828125,612.4401245117188,0.5445317625999451,1184.1729736328125,610.4506225585938,0.49451184272766113,1117.2977294921875,611.65234375,0.1593123823404312
216,1123.794921875,612.9646606445312,0.30981165170669556,1183.4423828125,610.0984497070312,0.4529403746128082,1117.7166748046875,612.6528930664062,0.159657284617424
217,1116.6494140625,611.1853637695312,0.47461777925491333,1183.0379638671875,609.9954223632812,0.5708701610565186,1115.788330078125,611.344482421875,0.09849957376718521
218,1122.0648193359375,612.1759643554688,0.5693948864936829,1182.906494140625,609.9236450195312,0.5952460765838623,1193.98193359375,610.647705078125,0.08263631165027618
219,1121.6795654296875,612.1766967773438,0.47078999876976013,1182.28515625,609.8194580078125,0.5790432095527649,1194.25830078125,610.6925048828125,0.09227193146944046
220,1121.47900390625,611.804443359375,0.478677362203598,1182.701416015625,609.467041015625,0.5925244688987732,1016.4722290039062,610.8960571289062,0.16993938386440277
221,1120.4300537109375,611.8170166015625,0.5258985161781311,1181.93310546875,609.5184936523438,0.6622989177703857,1017.49853515625,611.0393676757812,0.14049267768859863
222,1130.333251953125,611.2715454101562,0.49963000416755676,1173.61767578125,609.8115844726562,0.640511155128479,1192.3790283203125,610.90966796875,0.22503802180290222
223,1027.828125,612.5507202148438,0.6112136840820312,1107.2388916015625,611.8521728515625,0.48943769931793213,1189.6949462890625,611.0956420898438,0.20447559654712677
224,1027.8936767578125,612.8348999023438,0.5728263854980469,1107.6136474609375,611.8953857421875,0.5268523097038269,1187.893310546875,611.4302978515625,0.3880401849746704
225,1028.6593017578125,612.070556640625,0.3807194232940674,1107.4190673828125,612.0913696289062,0.4453108012676239,1177.822998046875,611.4859008789062,0.2488769292831421
226,1028.2088623046875,612.488037109375,0.40022316575050354,1140.371337890625,610.6495971679688,0.44940221309661865,1189.9483642578125,608.9754638671875,0.4454424977302551
227,1028.44970703125,612.2464599609375,0.3985994756221771,1137.231689453125,610.3299560546875,0.742849588394165,1174.638671875,610.6946411132812,0.6392412781715393
228,1028.6123046875,613.02978515625,0.46606412529945374,1120.8995361328125,611.6425170898438,0.9116064310073853,1173.9014892578125,611.6796264648438,0.7279984354972839
229,1026.604736328125,612.4916381835938,0.6178069710731506,1120.3651123046875,611.2039794921875,0.9276881217956543,1173.23681640625,611.2955932617188,0.7531988024711609
230,1025.950439453125,612.9537353515625,0.8216840028762817,1117.7003173828125,611.9965209960938,0.8863919973373413,1186.3759765625,608.5228881835938,0.6637284755706787
231,1022.5302734375,611.5553588867188,0.7274057865142822,1108.75439453125,612.43994140625,0.8909263610839844,1185.2681884765625,609.5189819335938,0.6587216258049011
232,1011.5890502929688,613.5039672851562,0.7260298132896423,1106.2000732421875,612.5208129882812,0.9297026991844177,1184.734130859375,609.5783081054688,0.6828413605690002
233,1011.0711059570312,612.6253662109375,0.7367804646492004,1105.755859375,612.4971923828125,0.931286633014679,1184.289794921875,609.4776611328125,0.7143600583076477
234,1016.2044677734375,612.4630737304688,0.745940625667572,1107.1641845703125,611.73681640625,0.9416700601577759,1173.854248046875,611.350341796875,0.6931547522544861
235,1014.6888427734375,612.7957153320312,0.832100510597229,1104.3580322265625,611.336669921875,0.9495096206665039,1170.5885009765625,611.929443359375,0.6723968386650085
236,1012.1828002929688,612.3626098632812,0.8109225630760193,1093.52978515625,611.798583984375,0.9369596242904663,1170.2685546875,612.3840942382812,0.6628382802009583
237,1009.4509887695312,613.0313110351562,0.7360472083091736,1093.1732177734375,612.3824462890625,0.9408515691757202,1169.1402587890625,612.6044311523438,0.6818361878395081
238,1012.9147338867188,612.0039672851562,0.4323243796825409,1091.5748291015625,612.4562377929688,0.9382545351982117,1168.4693603515625,612.0421752929688,0.701516330242157
239,929.0585327148438,612.82275390625,0.3765580654144287,1089.7862548828125,611.9246215820312,0.9306027889251709,1168.117431640625,612.1914672851562,0.6991746425628662
240,946.6627807617188,612.9094848632812,0.30996012687683105,1078.199951171875,610.166259765625,0.8836866021156311,1166.29443359375,612.3886108398438,0.7779537439346313
241,945.9901733398438,612.3682250976562,0.37210801243782043,1058.266845703125,609.9465942382812,0.7059215307235718,1166.247314453125,612.2481079101562,0.7302929162979126
242,945.4938354492188,613.0521850585938,0.3564434051513672,1041.5625,611.0253295898438,0.6310421824455261,1166.3583984375,612.244384765625,0.741002082824707
243,945.0087280273438,613.44384765625,0.5565163493156433,1038.377197265625,610.8272094726562,0.6520258784294128,1165.5189208984375,612.2916259765625,0.7532126903533936
244,932.64892578125,613.1778564453125,0.6602988839149475,1027.345458984375,612.2308349609375,0.5549721121788025,1164.409423828125,612.3194580078125,0.7401030659675598
245,931.6539306640625,613.3076171875,0.6411219835281372,1022.4483642578125,611.9013671875,0.6267820596694946,1156.8629150390625,610.8623657226562,0.7478771805763245
246,931.268798828125,613.3897094726562,0.6160497069358826,1021.4951782226562,611.8285522460938,0.5459341406822205,1156.5018310546875,610.5306396484375,0.703946053981781
247,937.54736328125,611.9830322265625,0.6180973052978516,1012.8740844726562,611.5059814453125,0.5189353227615356,1150.8807373046875,610.7564086914062,0.4949088394641876
248,936.7394409179688,612.1133422851562,0.5666168332099915,1013.2721557617188,611.4501953125,0.6756513118743896,1062.9937744140625,609.3346557617188,0.39370250701904297
249,932.6944580078125,613.0370483398438,0.5602794885635376,1010.8248291015625,611.0790405273438,0.7633075714111328,1061.1962890625,609.3788452148438,0.7755252122879028
250,936.195556640625,612.4072875976562,0.6215512752532959,1008.0985717773438,611.0545043945312,0.7830039858818054,1058.54248046875,609.52734375,0.8686287999153137
251,931.588134765625,613.2630004882812,0.6259047389030457,1007.8889770507812,611.1781005859375,0.8164762854576111,1056.041015625,609.6265869140625,0.8723185658454895
252,930.4007568359375,613.0940551757812,0.7942818403244019,1009.1805419921875,610.213623046875,0.8904393911361694,1056.69287109375,609.74169921875,0.8493781685829163
253,930.1826171875,613.3148803710938,0.7370245456695557,1006.207763671875,610.5148315429688,0.8442152142524719,1053.8720703125,609.8411865234375,0.8860074877738953
254,929.9287109375,613.033935546875,0.7495448589324951,994.906982421875,610.894287109375,0.8244004249572754,1050.8211669921875,612.1615600585938,0.7231448888778687
255,929.6084594726562,613.091064453125,0.6111047267913818,979.0234375,611.96533203125,0.6022824645042419,1039.666259765625,609.9182739257812,0.6106967926025391
256,908.6458129882812,611.6495971679688,0.30005690455436707,955.6962280273438,612.3463134765625,0.40459632873535156,1003.178955078125,609.7005615234375,0.7756773829460144
257,851.52880859375,612.3462524414062,0.3219192624092102,940.1375122070312,613.581298828125,0.3135961890220642,1001.8529052734375,611.5723266601562,0.5370190143585205
258,857.0394897460938,611.975341796875,0.40206557512283325,926.1709594726562,611.7533569335938,0.5482015013694763,977.748046875,611.8343505859375,0.5362523794174194
259,850.5404663085938,611.5953979492188,0.41596561670303345,925.4912109375,612.0111694335938,0.6696246862411499,997.3244018554688,610.7201538085938,0.6164426207542419
260,848.1381225585938,612.3043823242188,0.5657445788383484,921.9922485351562,612.21337890625,0.7874048352241516,977.6121215820312,612.5888061523438,0.7457385659217834
261,840.3306884765625,612.2444458007812,0.7209084630012512,914.0969848632812,613.1008911132812,0.7588720917701721,971.3071899414062,612.2294311523438,0.6942003965377808
262,841.2365112304688,612.9029541015625,0.702747106552124,913.9989013671875,613.31689453125,0.8167362213134766,977.1030883789062,612.146484375,0.7463383674621582
263,843.1597900390625,612.6006469726562,0.7183206677436829,913.8161010742188,613.8631591796875,0.8415734171867371,972.6287231445312,612.4288940429688,0.7324405908584595
264,841.180908203125,612.4359741210938,0.7667726874351501,911.6209106445312,613.15869140625,0.8204205632209778,972.7415771484375,612.76953125,0.7631617188453674
265,835.9284057617188,612.4764404296875,0.7613746523857117,900.779296875,613.6152954101562,0.796853244304657,967.9208984375,612.2532348632812,0.837317943572998
266,834.57177734375,613.08251953125,0.683908998966217,899.804931640625,613.7521362304688,0.7816153168678284,967.762451171875,612.6478881835938,0.8480855226516724
267,839.1724853515625,612.7515258789062,0.48882871866226196,898.6278076171875,613.5841064453125,0.8295313119888306,967.3084716796875,611.8956298828125,0.8602796792984009
268,832.9920043945312,612.8278198242188,0.5481542348861694,895.9765625,613.955810546875,0.8224116563796997,967.1448364257812,612.8613891601562,0.9023389220237732
269,825.7464599609375,612.9041137695312,0.4863518178462982,896.6572875976562,614.30029296875,0.7434871792793274,966.5308227539062,612.0106201171875,0.8629764318466187
270,763.27294921875,613.6548461914062,0.43179067969322205,868.4159545898438,613.6654052734375,0.7092084288597107,964.3711547851562,612.0751953125,0.8499296307563782
271,764.4138793945312,613.7819213867188,0.4914487898349762,836.2264404296875,612.9779663085938,0.7652761936187744,962.9097900390625,611.6401977539062,0.7976245880126953
272,764.1116943359375,613.107421875,0.5245459675788879,830.153564453125,611.6742553710938,0.8230302333831787,961.8379516601562,610.6495971679688,0.7563583850860596
273,747.3111572265625,612.7208251953125,0.6404777765274048,832.4512939453125,612.8992919921875,0.8772602081298828,961.07373046875,610.5880737304688,0.7107394933700562
274,747.487548828125,613.0447998046875,0.6514875888824463,829.5286865234375,612.498779296875,0.8793444037437439,960.6310424804688,610.1823120117188,0.539583683013916
275,746.7537231445312,612.9580688476562,0.675327479839325,822.3251953125,614.1881713867188,0.8826226592063904,896.9130859375,609.540283203125,0.4221392273902893
276,740.3826293945312,613.6648559570312,0.7366934418678284,821.51025390625,614.244873046875,0.8864943385124207,894.0669555664062,608.9683227539062,0.6551305055618286
277,738.5648193359375,613.7582397460938,0.7211318612098694,819.3743896484375,614.1600341796875,0.890188455581665,882.995361328125,609.71728515625,0.6738160252571106
278,738.9540405273438,613.5304565429688,0.7077906131744385,817.1497802734375,614.2312622070312,0.8948131799697876,879.6812744140625,609.4853515625,0.7525708675384521
279,738.7409057617188,613.3218994140625,0.7052327394485474,816.9349365234375,613.8048095703125,0.8897505402565002,880.6337890625,608.9769287109375,0.7187806963920593
280,736.6710815429688,613.3509521484375,0.6622493863105774,816.9769897460938,613.7235717773438,0.8874327540397644,878.0926513671875,610.4943237304688,0.8923538327217102
281,737.19287109375,613.2103271484375,0.6729335784912109,817.1708984375,613.6778564453125,0.9135982394218445,876.5155639648438,609.5906982421875,0.7211419939994812
282,736.7952880859375,613.2099609375,0.6884506940841675,805.5672607421875,614.16162109375,0.8970400094985962,868.9695434570312,610.6219482421875,0.7769079804420471
283,729.3742065429688,613.4949951171875,0.5160504579544067,800.7490234375,613.6793823242188,0.8337929248809814,860.83984375,608.5308227539062,0.6599017977714539
284,730.0076904296875,613.3753051757812,0.46022114157676697,789.9198608398438,613.031982421875,0.703782320022583,847.5269775390625,609.9938354492188,0.643536388874054
285,637.9545288085938,613.5787353515625,0.19760245084762573,722.9141845703125,614.0077514648438,0.4109039902687073,808.608642578125,613.597412109375,0.4087331295013428
286,663.35986328125,612.1710205078125,0.16704446077346802,720.262939453125,614.6942138671875,0.4577464163303375,813.6581420898438,611.9217529296875,0.7552288770675659
287,637.2553100585938,613.9892578125,0.24663294851779938,730.4808349609375,614.2589111328125,0.3438427448272705,811.4475708007812,611.6954345703125,0.6438693404197693
288,635.1201171875,614.2077026367188,0.40284550189971924,738.6325073242188,613.5968627929688,0.47714924812316895,811.7952270507812,611.3736572265625,0.6337106823921204
289,633.7383422851562,613.9299926757812,0.5452945828437805,720.9996948242188,613.9801635742188,0.4800606071949005,776.8750610351562,612.892822265625,0.6672853827476501
290,631.0523071289062,613.6250610351562,0.5199693441390991,716.5660400390625,614.0901489257812,0.7939252853393555,778.1827392578125,613.2156982421875,0.7373214364051819
291,626.3120727539062,613.8318481445312,0.7911391258239746,707.2235107421875,614.7044067382812,0.9057093858718872,811.1582641601562,610.8118896484375,0.7552495002746582
292,616.8966674804688,613.6590576171875,0.8252782225608826,706.57275390625,615.2261962890625,0.9030395746231079,810.3343505859375,610.73095703125,0.8041197657585144
293,616.7852783203125,613.124755859375,0.8133391737937927,702.1238403320312,614.2997436523438,0.908108651638031,774.0265502929688,612.8023681640625,0.7382326722145081
294,623.7367553710938,613.5836181640625,0.8455911874771118,700.6341552734375,614.2447509765625,0.9018216729164124,773.5480346679688,612.3406982421875,0.7831902503967285
295,617.4822387695312,613.4298095703125,0.8889689445495605,691.6228637695312,614.9953002929688,0.9222730994224548,772.2461547851562,612.6249389648438,0.8492752313613892
296,616.158447265625,613.8359985351562,0.8572639226913452,691.9074096679688,614.8973388671875,0.910529613494873,771.7492065429688,613.39697265625,0.8915428519248962
297,614.3302612304688,613.7797241210938,0.8179958462715149,689.5518798828125,614.8289184570312,0.9038168787956238,771.0523681640625,613.2825927734375,0.8895002007484436
298,608.8006591796875,613.8191528320312,0.6943869590759277,690.0392456054688,615.2557983398438,0.8983672857284546,769.1630859375,613.63525390625,0.880011260509491
299,611.550048828125,613.5712890625,0.506405234336853,688.3615112304688,615.325439453125,0.9081664085388184,770.195556640625,613.6143798828125,0.8904033899307251
300,554.701904296875,613.793212890625,0.5123823285102844,677.3248291015625,614.5852661132812,0.8054344654083252,769.2962036132812,613.5208129882812,0.8900704979896545
301,554.686767578125,614.3443603515625,0.6022617816925049,656.080322265625,612.5953979492188,0.837498664855957,769.7711181640625,613.5414428710938,0.868668258190155
302,554.6630859375,614.444580078125,0.5941601991653442,653.322509765625,611.5280151367188,0.8419874310493469,769.7345581054688,612.9490966796875,0.8903741836547852
303,554.5734252929688,613.8168334960938,0.6578543186187744,626.3275146484375,613.4088745117188,0.9055138826370239,768.72998046875,612.1163940429688,0.8659346699714661
304,555.42236328125,613.7297973632812,0.5746405720710754,627.9690551757812,612.6830444335938,0.8319849967956543,768.7946166992188,612.1187744140625,0.7768492698669434
305,555.561767578125,613.6574096679688,0.699011504650116,626.502685546875,613.0584106445312,0.9054286479949951,767.2488403320312,611.6167602539062,0.5271247625350952
306,545.958251953125,613.6312255859375,0.7141575813293457,623.8966674804688,613.8106079101562,0.9230765104293823,677.5882568359375,610.7605590820312,0.35407233238220215
307,545.4072265625,613.7791748046875,0.7362275719642639,624.0440673828125,613.9960327148438,0.9093167781829834,716.8267211914062,611.3561401367188,0.3179320693016052
308,539.4892578125,613.9342041015625,0.720612108707428,613.4468994140625,614.5897827148438,0.9291224479675293,675.5834350585938,610.7387084960938,0.7190137505531311
309,539.368408203125,612.3896484375,0.6478669047355652,612.0462646484375,614.6416625976562,0.9424934983253479,672.098876953125,611.83642578125,0.8357508778572083
310,533.937744140625,612.5658569335938,0.7416343092918396,610.7237548828125,614.3999633789062,0.9391087889671326,671.4658203125,612.1516723632812,0.8728810548782349
311,532.7763671875,612.8009643554688,0.6080514192581177,610.1168212890625,614.4766235351562,0.8424283266067505,670.4801025390625,612.081787109375,0.8185759782791138
312,531.7923583984375,613.2689208984375,0.5969620943069458,609.492919921875,614.2599487304688,0.839838981628418,667.3640747070312,611.732421875,0.8740126490592957
313,528.6145629882812,613.6403198242188,0.5200384855270386,609.8833618164062,614.4833374023438,0.9017712473869324,664.9658813476562,611.948974609375,0.8435977697372437
314,528.436279296875,613.5367431640625,0.4915500283241272,595.5955200195312,614.6484375,0.839314877986908,660.4058227539062,611.715087890625,0.8585163354873657
315,444.9805908203125,610.6331176757812,0.44410207867622375,594.647705078125,613.1290893554688,0.650520920753479,657.512451171875,610.285888671875,0.6704893112182617
316,444.6871337890625,610.6469116210938,0.3716951906681061,517.196533203125,612.8665771484375,0.6088460683822632,628.3272094726562,610.7666015625,0.8087641000747681
317,444.0969543457031,610.570068359375,0.3280828297138214,514.9652099609375,613.4732055664062,0.6925716996192932,627.1337890625,609.890380859375,0.7977330088615417
318,464.5202941894531,611.868408203125,0.30854737758636475,515.876220703125,613.2838745117188,0.7155815362930298,626.127197265625,609.3693237304688,0.8329463601112366
319,443.9361572265625,610.6703491210938,0.28221192955970764,515.9039916992188,613.268798828125,0.7196589112281799,627.35009765625,609.28955078125,0.8048164248466492
320,464.5863342285156,611.7593383789062,0.32532232999801636,517.007080078125,613.152587890625,0.6447269916534424,627.2661743164062,609.5115966796875,0.8612074255943298
321,464.20306396484375,612.0851440429688,0.3204379081726074,516.48876953125,613.3541870117188,0.6249685883522034,627.4935913085938,609.5695190429688,0.864854097366333
322,463.8588562011719,611.7781982421875,0.30671584606170654,516.1277465820312,613.7709350585938,0.5587221384048462,627.927490234375,609.5125122070312,0.8406516313552856
323,446.248291015625,611.2039184570312,0.27491140365600586,516.9942016601562,613.3565673828125,0.5184884667396545,627.5841674804688,609.6941528320312,0.8929539918899536
324,445.90118408203125,611.0534057617188,0.2786860167980194,524.8861083984375,614.252197265625,0.48715293407440186,627.5457763671875,609.7698364257812,0.8833546042442322
325,459.3988952636719,611.08251953125,0.2890099585056305,525.5219116210938,613.842529296875,0.36183589696884155,627.6779174804688,610.2444458007812,0.8414322137832642
326,459.703857421875,611.0105590820312,0.2780041992664337,544.0496215820312,613.7801513671875,0.6270949244499207,627.1367797851562,609.75244140625,0.8366400003433228
327,462.5320739746094,610.7510375976562,0.30702513456344604,541.54248046875,613.1311645507812,0.792216420173645,626.6415405273438,610.0551147460938,0.8632797002792358
328,457.7679138183594,611.0866088867188,0.2835078835487366,529.6170043945312,614.5916748046875,0.8634815216064453,626.0225219726562,610.6574096679688,0.8767237663269043
329,446.6490478515625,611.9966430664062,0.6139764785766602,527.7329711914062,614.8214721679688,0.8867337107658386,625.5087890625,610.2367553710938,0.8495471477508545
330,437.7971496582031,611.6133422851562,0.6641859412193298,530.0446166992188,613.3030395507812,0.8707011938095093,625.8465576171875,610.1376342773438,0.8834540247917175
331,433.7990417480469,610.6408081054688,0.6096885800361633,529.831787109375,612.9722900390625,0.9060783386230469,625.3062133789062,610.3922119140625,0.9000281691551208
332,432.7745056152344,610.9364013671875,0.6371365785598755,528.03076171875,612.9283447265625,0.9013928771018982,624.8782348632812,610.2717895507812,0.8897682428359985
333,432.5931396484375,610.1978759765625,0.5050148367881775,528.1466064453125,612.8897705078125,0.9216296672821045,622.8767700195312,611.4202880859375,0.8667364120483398
334,433.7223815917969,611.1895751953125,0.5138565897941589,526.3677978515625,613.2141723632812,0.8753605484962463,622.1594848632812,612.7322387695312,0.8124403357505798
335,429.1952209472656,610.2664184570312,0.569538414478302,516.6629028320312,614.7146606445312,0.8348376154899597,619.70654296875,613.7691040039062,0.6967343688011169
336,433.3552551269531,610.9781494140625,0.5629296898841858,516.7501831054688,614.3504028320312,0.8384840488433838,619.1478881835938,614.3765869140625,0.6252624988555908
337,428.46136474609375,611.0451049804688,0.5115107297897339,515.6102905273438,614.3008422851562,0.8274497985839844,587.5398559570312,616.0609741210938,0.6577302813529968
338,427.20770263671875,611.3316650390625,0.4473126530647278,515.6184692382812,614.5420532226562,0.7990226745605469,591.47021484375,616.2423706054688,0.739774763584137
339,413.0931091308594,610.147216796875,0.5213915109634399,513.861328125,614.3839111328125,0.8171204924583435,587.7588500976562,616.6971435546875,0.7082065939903259
340,412.36114501953125,609.8469848632812,0.3681398034095764,513.2352905273438,613.8953857421875,0.8236172199249268,587.2596435546875,616.7181396484375,0.7363046407699585
341,410.5244140625,610.2881469726562,0.35689327120780945,511.7264099121094,612.318603515625,0.8529876470565796,579.2548828125,616.1854858398438,0.7387231588363647
342,380.728515625,610.9924926757812,0.3469145596027374,500.0944519042969,612.576416015625,0.8848277926445007,581.9476318359375,615.9636840820312,0.6316372752189636
343,356.8157653808594,612.9757080078125,0.44644609093666077,498.5113220214844,612.4314575195312,0.8381158709526062,580.3439331054688,617.3470458984375,0.7197394371032715
344,364.0085144042969,611.67431640625,0.4676528573036194,485.32904052734375,610.9978637695312,0.7838495969772339,577.5407104492188,615.5153198242188,0.8205434083938599
345,378.3735046386719,610.98486328125,0.4729034900665283,452.2014465332031,610.7067260742188,0.6464812159538269,578.6754150390625,614.6846923828125,0.8327423334121704
346,348.6906433105469,610.5169067382812,0.5357880592346191,435.4256896972656,611.8994750976562,0.4592282176017761,577.864013671875,613.6871337890625,0.8231040239334106
347,343.61651611328125,610.5721435546875,0.5717660784721375,530.8685302734375,612.6748657226562,0.3048489987850189,577.1156616210938,613.2094116210938,0.8111772537231445
348,349.73681640625,611.2852172851562,0.49066397547721863,436.2514343261719,612.7442626953125,0.5560528635978699,576.259033203125,613.9862670898438,0.6964327096939087
349,344.35296630859375,611.0742797851562,0.6928507089614868,433.1482238769531,613.1962280273438,0.8392075896263123,483.6044616699219,610.5347290039062,0.5143404603004456
350,344.70062255859375,612.554931640625,0.746882975101471,433.265625,612.5014038085938,0.8502874970436096,484.9200744628906,610.9927368164062,0.6549209356307983
351,344.5130615234375,612.3641357421875,0.6444472074508667,431.7966003417969,611.5795288085938,0.8776827454566956,489.8381042480469,611.4468994140625,0.7643318176269531
352,344.3009033203125,611.7250366210938,0.739589512348175,431.5757141113281,611.20947265625,0.8604071736335754,489.2684631347656,610.682373046875,0.759209394454956
353,344.78167724609375,611.3018188476562,0.7061043977737427,428.7858581542969,610.8603515625,0.8698201179504395,490.0199890136719,611.2371826171875,0.7374039888381958
354,346.5211181640625,609.9839477539062,0.7026039958000183,428.6555480957031,611.22802734375,0.8039590716362,481.4637756347656,611.5311889648438,0.8213093280792236
355,346.3446044921875,609.8189086914062,0.5754377245903015,418.9264221191406,612.0887451171875,0.9210291504859924,481.9092712402344,611.0827026367188,0.8141878247261047
356,342.7143859863281,611.0442504882812,0.5438392162322998,419.89080810546875,611.0568237304688,0.8623371720314026,476.860107421875,612.5487060546875,0.777690589427948
357,341.0564270019531,611.2366333007812,0.43352705240249634,402.3928527832031,611.2144165039062,0.5326573252677917,466.8727722167969,612.4031982421875,0.5400473475456238
358,256.690673828125,609.706298828125,0.2357843667268753,380.1047058105469,609.863037109375,0.2823493480682373,406.99114990234375,608.8828125,0.4393969476222992
359,255.03317260742188,609.434814453125,0.3460080325603485,343.7534484863281,612.6093139648438,0.2937019169330597,400.8676452636719,609.6981201171875,0.6321094632148743
360,246.6885986328125,608.6412353515625,0.4261082112789154,378.0670471191406,610.921875,0.30389612913131714,403.3511962890625,609.8170166015625,0.49524760246276855
361,247.03329467773438,608.6820678710938,0.35407915711402893,353.62060546875,611.950927734375,0.28354060649871826,404.3717041015625,609.9165649414062,0.6710544228553772
362,275.6662902832031,599.197021484375,0.3360831141471863,339.1080322265625,612.0634155273438,0.6328577399253845,415.1320495605469,608.6031494140625,0.7216023206710815
363,246.70315551757812,609.0269165039062,0.5709602236747742,335.21234130859375,613.3682250976562,0.6539302468299866,415.3514099121094,609.3311767578125,0.7767345905303955
364,243.46530151367188,609.179443359375,0.5358405709266663,336.3352355957031,613.617431640625,0.7157917022705078,409.5537414550781,610.5628051757812,0.788865327835083
365,241.59152221679688,608.2970581054688,0.5535295009613037,333.043212890625,612.796875,0.7652525901794434,408.1036376953125,609.4308471679688,0.8655466437339783
366,239.18682861328125,603.168212890625,0.6011412739753723,323.5270690917969,613.0182495117188,0.726435661315918,403.92474365234375,611.0393676757812,0.9022705554962158
367,237.24781799316406,604.1729736328125,0.5563405752182007,336.2778625488281,614.667724609375,0.482826828956604,403.4745178222656,611.7594604492188,0.9173800945281982
368,237.5657958984375,604.4694213867188,0.42316392064094543,332.8653259277344,613.3628540039062,0.5814802050590515,402.31756591796875,611.6555786132812,0.9293969869613647
369,238.03567504882812,604.9852905273438,0.3135991394519806,322.8708190917969,613.5037841796875,0.516151487827301,400.701904296875,611.6683349609375,0.9261965155601501
370,241.3638916015625,610.7659301757812,0.256332665681839,321.5497741699219,613.3748168945312,0.3440872132778168,397.35150146484375,612.4384155273438,0.8178309202194214
371,155.1671600341797,607.7821044921875,0.2426331341266632,226.75816345214844,610.6362915039062,0.28292331099510193,387.6019592285156,611.4915771484375,0.8188019394874573
372,155.40089416503906,607.8829956054688,0.26892685890197754,227.16824340820312,610.2367553710938,0.3350895643234253,387.89471435546875,611.611083984375,0.767484724521637
373,155.09400939941406,607.3099365234375,0.3027154207229614,314.3326110839844,613.3746948242188,0.3106549084186554,386.087158203125,612.0424194335938,0.8645730018615723
374,154.58164978027344,607.3319702148438,0.3266323208808899,213.9343719482422,609.807861328125,0.35407382249832153,385.2456359863281,611.8657836914062,0.7698209285736084
375,155.41671752929688,607.3526611328125,0.34196993708610535,303.12994384765625,612.0364379882812,0.41603654623031616,375.1208190917969,610.5179443359375,0.7920535802841187
376,154.22073364257812,607.30908203125,0.3470286428928375,304.0145568847656,611.73095703125,0.6640573143959045,373.93646240234375,610.7974243164062,0.8062378168106079
377,145.1352081298828,607.5098266601562,0.3822992146015167,211.27801513671875,610.3153076171875,0.6047747731208801,372.4534912109375,611.28515625,0.7601872682571411
378,144.25714111328125,607.0725708007812,0.47719451785087585,211.06448364257812,611.2196655273438,0.7528725266456604,370.7980651855469,610.5744018554688,0.6249894499778748
379,139.5941925048828,607.6588745117188,0.5168284773826599,211.60150146484375,611.5201416015625,0.6787586212158203,370.98516845703125,609.9452514648438,0.6637601852416992
380,139.01513671875,607.60107421875,0.623733639717102,225.9203643798828,610.2620239257812,0.831606924533844,299.1646728515625,602.3836669921875,0.5622576475143433
381,138.05943298339844,607.9774169921875,0.7298391461372375,224.90989685058594,610.3240966796875,0.7374233603477478,370.9060363769531,610.8790283203125,0.499391108751297
382,134.0983123779297,607.94189453125,0.7098679542541504,222.83255004882812,610.0052490234375,0.6636049747467041,298.0585632324219,600.7689208984375,0.6371691226959229
383,134.29017639160156,607.8097534179688,0.762240469455719,222.37042236328125,610.1267700195312,0.6242609620094299,298.703125,602.5601806640625,0.4160114526748657
384,134.15426635742188,608.0630493164062,0.7875164151191711,221.2005157470703,610.65576171875,0.5969167351722717,293.99176025390625,604.1968994140625,0.5670114159584045
385,133.5555877685547,607.2604370117188,0.8060005307197571,211.29786682128906,611.5211791992188,0.6629853844642639,287.183837890625,602.5048828125,0.4012676477432251
386,132.9807586669922,608.0950927734375,0.7284992337226868,209.44944763183594,611.506103515625,0.6526648998260498,275.1008605957031,607.9443969726562,0.3924741744995117
387,131.76133728027344,609.4537353515625,0.7607650756835938,208.69488525390625,611.4485473632812,0.6441141963005066,275.0794677734375,606.7692260742188,0.3118152618408203
388,132.67730712890625,609.334716796875,0.5733679533004761,206.36270141601562,609.2914428710938,0.4806503653526306,3.160127639770508,603.3372192382812,0.3348587155342102
389,131.167724609375,609.4691772460938,0.6178784370422363,196.2112274169922,608.0321044921875,0.7922402620315552,256.421142578125,599.0467529296875,0.514050304889679
390,131.4136505126953,609.7454833984375,0.3535568118095398,176.89083862304688,607.672119140625,0.29783958196640015,3.6254866123199463,603.2811889648438,0.43595030903816223
391,39.770076751708984,605.7138671875,0.21887855231761932,100.03604125976562,607.2935180664062,0.4628761410713196,162.60736083984375,609.23388671875,0.7198058366775513
392,41.398414611816406,606.6220703125,0.25928980112075806,98.78224182128906,606.542724609375,0.3366493284702301,181.1509552001953,607.303466796875,0.3567954897880554
393,44.66854476928711,602.9039306640625,0.23090335726737976,97.32841491699219,606.869873046875,0.24906189739704132,1.8748047351837158,603.1598510742188,0.2188623547554016
394,181.0821533203125,608.7979736328125,0.29696258902549744,95.07721710205078,606.8318481445312,0.25869059562683105,143.65577697753906,605.5237426757812,0.5882821679115295
395,182.4496307373047,608.9727172851562,0.4096013307571411,102.61521911621094,606.1143188476562,0.26314446330070496,146.1103973388672,605.162841796875,0.32077163457870483
396,35.83937454223633,603.1178588867188,0.4184035062789917,4.784985065460205,602.7877807617188,0.10133808851242065,0.8314003944396973,601.9627685546875,0.14713136851787567
397,22.411571502685547,602.9216918945312,0.5017164349555969,99.6697006225586,606.6304931640625,0.16074630618095398,2.4069409370422363,601.9144287109375,0.2187621295452118
398,12.317705154418945,601.8511352539062,0.44845905900001526,79.60128021240234,607.3189086914062,0.1772511750459671,2.2376246452331543,602.654296875,0.33076241612434387
399,32.78483581542969,604.50341796875,0.4770946800708771,45.492374420166016,605.2936401367188,0.2931084632873535,145.2811279296875,603.7176513671875,0.28512197732925415
400,27.722518920898438,602.3712768554688,0.4058644473552704,5.666342258453369,604.115234375,0.24896420538425446,144.8981170654297,605.1309814453125,0.3249734342098236
401,32.6215705871582,605.5586547851562,0.3982003629207611,6.050457954406738,604.0661010742188,0.274726539850235,145.59446716308594,605.5586547851562,0.4056349992752075
402,32.35230255126953,605.4929809570312,0.41768646240234375,6.104470252990723,603.4552001953125,0.2858444154262543,145.17564392089844,605.195068359375,0.5407280325889587
403,34.125030517578125,605.2000122070312,0.4753072261810303,5.277651786804199,603.4542846679688,0.23209542036056519,144.77352905273438,605.58740234375,0.48450544476509094
404,34.12266159057617,605.515380859375,0.46732649207115173,5.588964462280273,603.2618408203125,0.22435592114925385,143.84449768066406,605.1820678710938,0.5169236660003662
405,33.7182731628418,604.722412109375,0.5266755223274231,86.25711059570312,604.0609130859375,0.47675299644470215,143.00489807128906,605.6920166015625,0.6506831049919128
406,32.91049575805664,604.1959228515625,0.5085572004318237,84.01769256591797,603.4302368164062,0.6828494668006897,142.5175323486328,604.7855834960938,0.7265562415122986
407,176.4635009765625,609.4898681640625,0.22945141792297363,69.42476654052734,604.2688598632812,0.39670005440711975,140.4016876220703,604.3780517578125,0.5886322855949402
408,175.65390014648438,608.9366455078125,0.1962539255619049,4.20226526260376,603.4630737304688,0.3068561851978302,142.83251953125,606.2379150390625,0.5330575704574585
409,3.5746009349823,604.0646362304688,0.21518287062644958,5.53156852722168,604.1389770507812,0.24072180688381195,141.0492706298828,605.9124145507812,0.5592483878135681
410,145.31309509277344,604.7413940429688,0.15561999380588531,5.5869598388671875,604.66748046875,0.11456328630447388,139.9499053955078,606.320556640625,0.49619540572166443
411,145.72933959960938,605.9375,0.18988068401813507,6.460646152496338,605.0789794921875,0.18226875364780426,139.29644775390625,606.7713623046875,0.34449681639671326
412,0.9011945724487305,604.5446166992188,0.12191677838563919,26.676246643066406,603.9256591796875,0.22943730652332306,79.56317901611328,603.8058471679688,0.28654196858406067
413,1.8448708057403564,604.33642578125,0.14345791935920715,20.20001792907715,603.4866943359375,0.24830961227416992,77.9212875366211,602.2679443359375,0.3548421561717987
414,1.7296993732452393,604.1158447265625,0.11535903066396713,5.827391147613525,604.2738037109375,0.24410316348075867,68.91392517089844,606.4968872070312,0.13152559101581573
415,2.1345949172973633,604.1993408203125,0.12987318634986877,6.079054355621338,604.4600830078125,0.342026948928833,60.6993408203125,602.4694213867188,0.5912920236587524
416,5.2585906982421875,603.0809936523438,0.27229219675064087,4.4372429847717285,603.7653198242188,0.42060697078704834,22.90481185913086,604.1135864257812,0.5052136182785034
417,6.583427906036377,598.45263671875,0.3672802448272705,6.376998424530029,603.2476806640625,0.3423610329627991,63.53639221191406,602.4716796875,0.5956844687461853
418,4.284798622131348,603.1040649414062,0.26692599058151245,4.354156970977783,603.8912353515625,0.41147083044052124,27.327533721923828,600.1356811523438,0.6042109131813049
419,4.258522033691406,603.302490234375,0.24817922711372375,4.4589715003967285,603.7102661132812,0.2528785169124603,16.538127899169922,604.3262939453125,0.4537796080112457
420,3.711618185043335,603.0657348632812,0.13380500674247742,4.764878273010254,603.1859130859375,0.19045214354991913,2.614342212677002,603.5419311523438,0.2773910462856293
421,3.062272071838379,604.2277221679688,0.08178012073040009,4.93090295791626,603.6233520507812,0.1411733329296112,1.14548659324646,603.8193359375,0.14822451770305634
422,2.6846747398376465,604.7703857421875,0.050222981721162796,4.701029300689697,604.1563720703125,0.11002564430236816,0.6703898906707764,603.9163208007812,0.11823075264692307
423,2.7352232933044434,605.2783813476562,0.050411053001880646,4.899460792541504,604.7467651367188,0.09641878306865692,0.5098025798797607,604.3790893554688,0.09534022957086563
424,69.1455078125,607.057861328125,0.05088955536484718,4.661252498626709,603.8926391601562,0.10247419029474258,0.559262752532959,603.768798828125,0.10860034823417664
425,68.25477600097656,606.32275390625,0.05417858809232712,4.970129489898682,604.299072265625,0.08946883678436279,0.11991691589355469,604.1561889648438,0.10131656378507614
426,3.003859043121338,604.2000732421875,0.06775516271591187,4.738907337188721,603.802490234375,0.1141129583120346,1.115159273147583,603.7421875,0.15596020221710205
427,3.088599443435669,604.380126953125,0.07598352432250977,4.637074947357178,604.0419311523438,0.13058067858219147,1.4759657382965088,603.9193725585938,0.16928939521312714
428,3.170628786087036,604.6067504882812,0.09111593663692474,4.688282012939453,604.4212646484375,0.1291249394416809,1.727844476699829,604.3741455078125,0.2155560851097107
429,2.929828643798828,604.6762084960938,0.068222276866436,4.5837483406066895,604.3095703125,0.12828461825847626,1.421389102935791,604.1380615234375,0.16050271689891815
430,2.7157039642333984,604.8156127929688,0.06400741636753082,4.670990467071533,604.4492797851562,0.1371719092130661,1.5756094455718994,604.30078125,0.14828899502754211
431,2.1610000133514404,605.0891723632812,0.04884623736143112,4.771474838256836,604.3955078125,0.09896928071975708,-0.013696670532226562,604.485595703125,0.11339254677295685
432,3.2501349449157715,604.7476806640625,0.006093716714531183,2.4793648719787598,602.3768920898438,0.014405518770217896,-3.049306869506836,602.9905395507812,0.03731963038444519
433,3.122714042663574,604.5172729492188,0.008083117194473743,2.945286273956299,602.2658081054688,0.009395096451044083,-3.2522425651550293,602.9213256835938,0.03365611284971237
434,3.442136526107788,604.324462890625,0.016798676922917366,3.420971632003784,602.6163940429688,0.016496041789650917,-1.994596004486084,603.1016845703125,0.05687929689884186
435,475.4252624511719,34.01312255859375,0.004117142874747515,-1.4430718421936035,532.9351196289062,0.0025722291320562363,468.8888854980469,34.58781814575195,0.015108730643987656
436,5.129519462585449,524.863037109375,0.00948554277420044,-0.3967556953430176,520.8383178710938,0.011554630473256111,25.19049835205078,523.0906982421875,0.014807164669036865
437,5.338077545166016,520.4989013671875,0.010132243856787682,0.9370369911193848,518.373046875,0.00460958294570446,1.5748891830444336,519.97265625,0.021033333614468575
438,2.8960423469543457,520.8939819335938,0.01847212016582489,1.3896822929382324,520.4862670898438,0.012060930021107197,2.161327362060547,521.018798828125,0.0666467547416687
439,475.4665832519531,34.17259216308594,0.004070228431373835,0.17630839347839355,517.9010620117188,0.0029985124710947275,468.442138671875,34.812950134277344,0.0189985241740942
440,475.9081115722656,34.038211822509766,0.003486713394522667,1135.5479736328125,87.50048828125,0.0015998755116015673,468.4369201660156,34.750770568847656,0.013791621662676334
441,475.8553466796875,34.205081939697266,0.004394822753965855,473.8955078125,35.18062973022461,0.001567406696267426,469.1479797363281,34.9666633605957,0.015404794365167618
442,476.5523376464844,33.972965240478516,0.0030565797351300716,473.9190673828125,34.67979049682617,0.0012324718991294503,469.8968200683594,34.672996520996094,0.012053484097123146
443,475.7247619628906,34.12785720825195,0.004529631230980158,473.9344787597656,34.93399429321289,0.0016463302308693528,469.04730224609375,34.83344650268555,0.01595820114016533
444,475.34649658203125,34.24977111816406,0.004059175029397011,1135.3125,87.47203826904297,0.0020604233723133802,468.4803771972656,34.775421142578125,0.016501395031809807
445,476.2529602050781,33.917850494384766,0.0034954934380948544,473.7023010253906,34.69403076171875,0.001332422369159758,469.6631774902344,34.54928207397461,0.01361631415784359
446,475.1491394042969,34.08980178833008,0.004745046608150005,473.9444580078125,34.818119049072266,0.001706467941403389,468.4706726074219,34.733848571777344,0.016883233562111855
447,475.6236267089844,34.1966438293457,0.005251231603324413,474.1935119628906,34.802433013916016,0.0018751927418634295,469.3009948730469,34.83911895751953,0.01842007040977478
448,475.4944763183594,34.00185012817383,0.004671299830079079,473.94378662109375,34.8934440612793,0.0016503602964803576,468.6722717285156,34.94781494140625,0.01690589264035225
449,476.2355041503906,34.45285415649414,0.0034642876125872135,1135.544189453125,87.34952545166016,0.0015308879083022475,469.58697509765625,34.97856140136719,0.013235077261924744
450,475.6535949707031,33.78447341918945,0.004682271275669336,1135.36474609375,87.44293212890625,0.0022418706212192774,469.1670227050781,34.45499801635742,0.019093625247478485
451,476.0389404296875,34.23893737792969,0.0034498577006161213,1135.61572265625,87.68802642822266,0.0016805512132123113,469.10406494140625,34.9262580871582,0.015400216914713383
452,475.4469299316406,33.85960006713867,0.003944288473576307,1135.54638671875,87.32935333251953,0.002101137302815914,468.28857421875,34.48479080200195,0.015934862196445465
453,475.96954345703125,33.770904541015625,0.0035619097761809826,1135.6053466796875,87.43423461914062,0.0017774689476937056,469.0030517578125,34.58921432495117,0.01283686701208353
454,475.5484313964844,33.85376739501953,0.0053362175822257996,474.10479736328125,34.321895599365234,0.0018280134536325932,468.67950439453125,34.510398864746094,0.021123891696333885
455,475.7825012207031,34.12696838378906,0.0039450544863939285,473.8106689453125,34.88578414916992,0.0014831440057605505,469.4578552246094,34.77556228637695,0.014215112663805485
456,475.37860107421875,33.447261810302734,0.004729713778942823,473.5611267089844,34.532737731933594,0.0016380472807213664,468.80059814453125,34.43495178222656,0.01862175762653351
457,475.7931213378906,34.079769134521484,0.003232927294448018,1135.705810546875,87.17814636230469,0.00155009631998837,468.29864501953125,34.848854064941406,0.012089063413441181
458,475.6935729980469,34.1793212890625,0.003580210730433464,1135.3680419921875,87.51398468017578,0.0014551959466189146,469.17962646484375,34.98698425292969,0.013611286878585815
459,475.8059997558594,34.40483856201172,0.0034184828400611877,1135.6673583984375,87.37876892089844,0.001758679049089551,469.5794372558594,35.31032180786133,0.01296126376837492
460,475.5517578125,33.52178955078125,0.004801283124834299,474.05218505859375,34.36674118041992,0.0016590022714808583,468.4900207519531,34.26063537597656,0.01994815096259117
461,475.60845947265625,34.00886154174805,0.00367826409637928,474.4090270996094,34.68293762207031,0.0012877678964287043,468.34033203125,34.52207565307617,0.013565645553171635
462,475.6227111816406,33.708797454833984,0.0040565854869782925,1135.5494384765625,87.95462799072266,0.0022621480748057365,468.5364990234375,34.7041015625,0.016703631728887558
463,475.501220703125,33.97452163696289,0.004413250833749771,1135.7435302734375,87.57526397705078,0.002253106329590082,468.7150573730469,34.894737243652344,0.016613226383924484
464,476.2404479980469,34.10963439941406,0.003361903829500079,473.5680847167969,34.994659423828125,0.0014885984128341079,469.4596862792969,34.93670654296875,0.013806280680000782
465,475.7175598144531,33.887939453125,0.004632964730262756,474.1551818847656,34.50688171386719,0.0017736329464241862,468.9090576171875,34.54939270019531,0.019856547936797142
466,475.7179260253906,34.04551696777344,0.003873771522194147,1135.54052734375,87.32221984863281,0.0015748634468764067,469.4779357910156,34.61653518676758,0.01440277136862278
467,475.9720153808594,34.178035736083984,0.003235478652641177,1135.5426025390625,87.51780700683594,0.0013335420517250896,468.8893737792969,34.79722213745117,0.012094402685761452
468,476.1163635253906,34.226905822753906,0.003274213057011366,1135.598876953125,87.56893920898438,0.001369426492601633,469.2887878417969,35.041500091552734,0.012487534433603287
469,475.3477478027344,33.82345199584961,0.005248758476227522,474.15673828125,34.860382080078125,0.00176393729634583,468.44940185546875,34.65659713745117,0.01999756321310997
470,475.77587890625,33.98351287841797,0.00397537462413311,1135.482177734375,87.53655242919922,0.001862052595242858,468.72381591796875,34.66522216796875,0.015116515569388866
471,475.83148193359375,34.13165283203125,0.0031228233128786087,1135.72216796875,87.21424102783203,0.0016187955625355244,468.55279541015625,34.8275260925293,0.013232842087745667
472,475.6805114746094,33.93865203857422,0.004800462629646063,473.7347717285156,34.689205169677734,0.0017060587415471673,469.15576171875,34.71057891845703,0.018248947337269783
473,475.1867980957031,33.85101318359375,0.004359394311904907,474.0271911621094,34.836795806884766,0.0015530413947999477,468.68084716796875,34.563804626464844,0.0189079400151968
474,475.4172058105469,33.88878631591797,0.004708631429821253,474.0274658203125,34.59910583496094,0.0016125229885801673,468.6014099121094,34.510719299316406,0.017504660412669182
475,476.03271484375,34.03984069824219,0.0036101958248764277,1135.7210693359375,87.31785583496094,0.0015361843397840858,469.5588684082031,34.80385971069336,0.015105659142136574
476,475.8868103027344,33.82505416870117,0.0038042068481445312,473.713134765625,34.54297637939453,0.0013670920161530375,469.3957214355469,34.38884735107422,0.013844357803463936
477,475.7249755859375,33.97309112548828,0.0039032804779708385,1135.4293212890625,87.4993896484375,0.0019468922400847077,468.7441101074219,34.94044876098633,0.015338585712015629
478,475.5244140625,33.98749923706055,0.004541023634374142,1135.607666015625,87.13238525390625,0.0016005741199478507,468.66986083984375,34.624366760253906,0.01750020869076252
479,475.7591552734375,33.856319427490234,0.0044934372417628765,474.07818603515625,34.670143127441406,0.0015136221190914512,468.35894775390625,34.627532958984375,0.014985151588916779
480,476.1313171386719,34.306365966796875,0.002262412803247571,1135.44091796875,87.78314208984375,0.0021094607654958963,468.3938293457031,34.89636993408203,0.008751979097723961
481,476.4268493652344,34.33226013183594,0.0021307282149791718,1135.617431640625,87.18943786621094,0.0014627714408561587,504.8350524902344,36.9283561706543,0.009776080958545208
482,475.5548400878906,33.59626007080078,0.004150709602981806,1135.8341064453125,87.71983337402344,0.0015507119242101908,468.3474426269531,34.26231002807617,0.015230831690132618
483,475.41522216796875,34.01750946044922,0.0032527046278119087,1135.591796875,87.476806640625,0.0015016949037089944,468.21099853515625,34.605712890625,0.014094683341681957
484,475.264892578125,33.65940856933594,0.004716473165899515,473.892822265625,34.742591857910156,0.00155698973685503,468.3740539550781,34.580711364746094,0.01900714635848999
485,475.7799072265625,34.21176528930664,0.003940913826227188,1135.686767578125,87.2271499633789,0.0014761073980480433,468.83843994140625,34.68179702758789,0.015184498392045498
486,475.7679138183594,34.186397552490234,0.004266746807843447,473.8824768066406,34.80078887939453,0.0016357259592041373,468.8426208496094,34.76797866821289,0.017802046611905098
487,476.12872314453125,34.15358352661133,0.0027671181596815586,1135.4283447265625,87.3194808959961,0.0014586797915399075,468.9809875488281,34.8051643371582,0.009001067839562893
488,475.9826354980469,34.07490539550781,0.003336999099701643,1135.7947998046875,87.3571548461914,0.0019194184569641948,469.1896057128906,34.778900146484375,0.012400591745972633
489,475.6979064941406,34.13303756713867,0.00466759642586112,473.985107421875,34.816123962402344,0.0016470474656671286,469.1851501464844,34.70353698730469,0.01605132594704628
490,475.650634765625,33.80229949951172,0.0038172982167452574,1135.2984619140625,87.42973327636719,0.0015899939462542534,468.2489929199219,34.5070686340332,0.015001734718680382
491,475.7445983886719,34.19993209838867,0.004533464089035988,474.0467529296875,34.988277435302734,0.0017859914805740118,468.72039794921875,35.010841369628906,0.01793818362057209
492,475.7164306640625,34.29341125488281,0.0041877469047904015,473.8217468261719,35.19124984741211,0.0015782733680680394,469.23284912109375,34.94586181640625,0.016318675130605698
493,475.63787841796875,34.29308319091797,0.004422778729349375,473.76153564453125,35.10334777832031,0.0016707336762920022,469.2974853515625,34.856632232666016,0.015232319012284279
494,475.61773681640625,34.32753372192383,0.0037228313740342855,1135.2464599609375,87.60263061523438,0.002154959598556161,469.1243591308594,35.06990051269531,0.015590737573802471
495,475.87933349609375,34.14884567260742,0.004094547592103481,473.8817138671875,35.04628372192383,0.0014844262041151524,468.86285400390625,34.917991638183594,0.013576140627264977
496,476.0753173828125,33.96415710449219,0.0040483237244188786,473.7129211425781,34.6069221496582,0.001569185173138976,469.50811767578125,34.58757400512695,0.013988202437758446
497,475.4374084472656,33.845943450927734,0.005289917346090078,474.4073791503906,34.57809829711914,0.0019097723998129368,468.80938720703125,34.389556884765625,0.02043744921684265
498,476.0034484863281,33.650848388671875,0.0033890116028487682,473.81622314453125,34.45189666748047,0.0012822254793718457,468.88958740234375,34.25909423828125,0.01336938701570034
499,476.09735107421875,33.884429931640625,0.0034531080164015293,1135.4908447265625,87.42005920410156,0.001633967855013907,468.8356018066406,34.68242645263672,0.013391751796007156
500,475.6044006347656,33.93740463256836,0.004354425705969334,1135.56201171875,87.36329650878906,0.0015860950807109475,468.4421081542969,34.5762825012207,0.016709567978978157
501,476.3103942871094,34.15843963623047,0.0037968719843775034,1135.3817138671875,87.62239074707031,0.0016320787835866213,470.0888977050781,34.924251556396484,0.012884587980806828
502,475.4231872558594,33.39393997192383,0.004036541562527418,1135.5458984375,87.5659408569336,0.0022328512277454138,468.47967529296875,34.04607009887695,0.016849322244524956
503,475.9068603515625,33.71684265136719,0.004354326520115137,473.9614562988281,34.378684997558594,0.001529725850559771,468.81329345703125,34.37409210205078,0.016901399940252304
504,0.0,0.0,0.0,0.0,0.0,0.0,0.0,0.0,0.0
505,0.0,0.0,0.0,0.0,0.0,0.0,0.0,0.0,0.0
506,0.0,0.0,0.0,0.0,0.0,0.0,0.0,0.0,0.0
507,0.0,0.0,0.0,0.0,0.0,0.0,0.0,0.0,0.0
508,0.0,0.0,0.0,0.0,0.0,0.0,0.0,0.0,0.0
509,0.0,0.0,0.0,0.0,0.0,0.0,0.0,0.0,0.0
510,0.0,0.0,0.0,0.0,0.0,0.0,0.0,0.0,0.0
511,0.0,0.0,0.0,0.0,0.0,0.0,0.0,0.0,0.0
512,0.0,0.0,0.0,0.0,0.0,0.0,0.0,0.0,0.0
513,0.0,0.0,0.0,0.0,0.0,0.0,0.0,0.0,0.0
514,0.0,0.0,0.0,0.0,0.0,0.0,0.0,0.0,0.0
515,0.0,0.0,0.0,0.0,0.0,0.0,0.0,0.0,0.0
516,0.0,0.0,0.0,0.0,0.0,0.0,0.0,0.0,0.0
517,0.0,0.0,0.0,0.0,0.0,0.0,0.0,0.0,0.0
518,0.0,0.0,0.0,0.0,0.0,0.0,0.0,0.0,0.0
519,0.0,0.0,0.0,0.0,0.0,0.0,0.0,0.0,0.0
520,0.0,0.0,0.0,0.0,0.0,0.0,0.0,0.0,0.0
521,0.0,0.0,0.0,0.0,0.0,0.0,0.0,0.0,0.0
522,0.0,0.0,0.0,0.0,0.0,0.0,0.0,0.0,0.0
523,0.0,0.0,0.0,0.0,0.0,0.0,0.0,0.0,0.0
524,0.0,0.0,0.0,0.0,0.0,0.0,0.0,0.0,0.0
525,0.0,0.0,0.0,0.0,0.0,0.0,0.0,0.0,0.0
526,0.0,0.0,0.0,0.0,0.0,0.0,0.0,0.0,0.0
527,0.0,0.0,0.0,0.0,0.0,0.0,0.0,0.0,0.0
528,0.0,0.0,0.0,0.0,0.0,0.0,0.0,0.0,0.0
529,0.0,0.0,0.0,0.0,0.0,0.0,0.0,0.0,0.0
530,0.0,0.0,0.0,0.0,0.0,0.0,0.0,0.0,0.0
531,0.0,0.0,0.0,0.0,0.0,0.0,0.0,0.0,0.0
532,0.0,0.0,0.0,0.0,0.0,0.0,0.0,0.0,0.0
533,0.0,0.0,0.0,0.0,0.0,0.0,0.0,0.0,0.0
534,0.0,0.0,0.0,0.0,0.0,0.0,0.0,0.0,0.0
535,0.0,0.0,0.0,0.0,0.0,0.0,0.0,0.0,0.0
536,0.0,0.0,0.0,0.0,0.0,0.0,0.0,0.0,0.0
537,0.0,0.0,0.0,0.0,0.0,0.0,0.0,0.0,0.0
538,0.0,0.0,0.0,0.0,0.0,0.0,0.0,0.0,0.0
539,0.0,0.0,0.0,0.0,0.0,0.0,0.0,0.0,0.0
540,0.0,0.0,0.0,0.0,0.0,0.0,0.0,0.0,0.0
541,0.0,0.0,0.0,0.0,0.0,0.0,0.0,0.0,0.0
542,0.0,0.0,0.0,0.0,0.0,0.0,0.0,0.0,0.0
543,0.0,0.0,0.0,0.0,0.0,0.0,0.0,0.0,0.0
544,0.0,0.0,0.0,0.0,0.0,0.0,0.0,0.0,0.0
545,0.0,0.0,0.0,0.0,0.0,0.0,0.0,0.0,0.0
546,0.0,0.0,0.0,0.0,0.0,0.0,0.0,0.0,0.0
547,0.0,0.0,0.0,0.0,0.0,0.0,0.0,0.0,0.0
548,0.0,0.0,0.0,0.0,0.0,0.0,0.0,0.0,0.0
549,0.0,0.0,0.0,0.0,0.0,0.0,0.0,0.0,0.0
550,0.0,0.0,0.0,0.0,0.0,0.0,0.0,0.0,0.0
551,0.0,0.0,0.0,0.0,0.0,0.0,0.0,0.0,0.0
552,0.0,0.0,0.0,0.0,0.0,0.0,0.0,0.0,0.0
553,0.0,0.0,0.0,0.0,0.0,0.0,0.0,0.0,0.0
554,0.0,0.0,0.0,0.0,0.0,0.0,0.0,0.0,0.0
555,0.0,0.0,0.0,0.0,0.0,0.0,0.0,0.0,0.0
556,0.0,0.0,0.0,0.0,0.0,0.0,0.0,0.0,0.0
557,0.0,0.0,0.0,0.0,0.0,0.0,0.0,0.0,0.0
558,0.0,0.0,0.0,0.0,0.0,0.0,0.0,0.0,0.0
559,0.0,0.0,0.0,0.0,0.0,0.0,0.0,0.0,0.0
560,0.0,0.0,0.0,0.0,0.0,0.0,0.0,0.0,0.0
561,0.0,0.0,0.0,0.0,0.0,0.0,0.0,0.0,0.0
562,0.0,0.0,0.0,0.0,0.0,0.0,0.0,0.0,0.0
563,0.0,0.0,0.0,0.0,0.0,0.0,0.0,0.0,0.0
