scorer,DLC_resnet50_BeamTraining1Dec27shuffle1_20000,DLC_resnet50_BeamTraining1Dec27shuffle1_20000,DLC_resnet50_BeamTraining1Dec27shuffle1_20000,DLC_resnet50_BeamTraining1Dec27shuffle1_20000,DLC_resnet50_BeamTraining1Dec27shuffle1_20000,DLC_resnet50_BeamTraining1Dec27shuffle1_20000,DLC_resnet50_BeamTraining1Dec27shuffle1_20000,DLC_resnet50_BeamTraining1Dec27shuffle1_20000,DLC_resnet50_BeamTraining1Dec27shuffle1_20000
bodyparts,BeamLeft,BeamLeft,BeamLeft,BeamMiddle,BeamMiddle,BeamMiddle,BeamRight,BeamRight,BeamRight
coords,x,y,likelihood,x,y,likelihood,x,y,likelihood
0,476.265380859375,36.49140167236328,0.0017249041702598333,1150.6451416015625,87.04714965820312,0.0018778856610879302,469.8552551269531,37.67863082885742,0.009429587982594967
1,475.9568786621094,35.97929763793945,0.0016738430131226778,1150.71826171875,86.65630340576172,0.001124206348322332,468.80389404296875,37.38615036010742,0.008410714566707611
2,476.0516357421875,36.27381896972656,0.001552733825519681,1150.65625,86.40400695800781,0.0017854840261861682,469.9154968261719,37.528968811035156,0.008695714175701141
3,476.5256652832031,36.71446990966797,0.0014727215748280287,1150.3408203125,86.05067443847656,0.001648409990593791,470.599365234375,37.77094268798828,0.009165425784885883
4,475.9214172363281,36.282325744628906,0.001887775957584381,474.1510009765625,33.83903503417969,0.0011692234547808766,469.87530517578125,37.56312942504883,0.01116881612688303
5,476.4090270996094,36.34661102294922,0.0015742898685857654,1150.566162109375,86.65631103515625,0.0019006713991984725,472.0525817871094,34.115989685058594,0.00790673028677702
6,476.1969909667969,36.47523880004883,0.0015738970832899213,1150.5645751953125,86.01305389404297,0.0010382139589637518,469.6907653808594,37.62334442138672,0.007839753292500973
7,475.6941223144531,36.09711837768555,0.0018942398019134998,1150.171142578125,86.27647399902344,0.0013565755216404796,469.50323486328125,37.24842071533203,0.010030549950897694
8,476.3679504394531,36.15299606323242,0.0017989426851272583,1150.345458984375,87.11457824707031,0.00249650701880455,469.4338073730469,37.24803161621094,0.0078737149015069
9,475.3619689941406,36.22050476074219,0.001893160748295486,1150.587646484375,86.23651123046875,0.0014298148453235626,469.1632385253906,37.462310791015625,0.010443627834320068
10,475.4818420410156,36.111114501953125,0.0018551826942712069,1150.1165771484375,86.88003540039062,0.002475898480042815,468.9743957519531,37.341712951660156,0.009255207143723965
11,476.4237365722656,36.66931915283203,0.001459198771044612,1150.3897705078125,86.69762420654297,0.002343198051676154,470.0845642089844,37.493682861328125,0.005864292848855257
12,475.7455139160156,36.14634704589844,0.0021207714453339577,1150.2852783203125,86.222900390625,0.0013208241434767842,469.3811950683594,37.0938720703125,0.00940138753503561
13,475.76251220703125,36.209503173828125,0.0021321685053408146,474.1614990234375,33.82234573364258,0.001659247325733304,472.2753601074219,34.15290069580078,0.012410826981067657
14,476.2069396972656,35.73926544189453,0.002593280980363488,1150.65380859375,86.35494995117188,0.0017613305244594812,470.15155029296875,36.96080780029297,0.010615207254886627
15,475.6236572265625,36.16281509399414,0.0022159393411129713,1150.5147705078125,86.4720687866211,0.0018303196411579847,469.1559143066406,37.10480499267578,0.010880489833652973
16,476.0197448730469,36.086769104003906,0.0020089256577193737,1150.520263671875,86.28427124023438,0.0020787902176380157,469.68695068359375,37.08155059814453,0.009217814542353153
17,475.7521667480469,36.319801330566406,0.0018228759290650487,1150.50244140625,86.4898452758789,0.0018441298743709922,472.07269287109375,34.4491081237793,0.008008348755538464
18,476.25927734375,36.12605667114258,0.0015469674253836274,1150.6129150390625,86.05303192138672,0.0012955446727573872,469.38153076171875,37.52993392944336,0.008291813544929028
19,476.1011962890625,36.416465759277344,0.001617190195247531,1150.7137451171875,86.71002197265625,0.0014763429062440991,472.2496032714844,34.361515045166016,0.009888236410915852
20,476.39141845703125,36.40959167480469,0.0013819291489198804,1150.356201171875,86.33130645751953,0.0016252417117357254,471.9414367675781,34.189170837402344,0.006394492462277412
21,475.7075500488281,36.3281364440918,0.0016669553006067872,1150.2469482421875,86.22208404541016,0.001407798146829009,471.9976501464844,34.205238342285156,0.01097590196877718
22,475.97479248046875,35.86682891845703,0.0022197519429028034,473.7059020996094,33.611244201660156,0.001456275931559503,469.9560241699219,37.4832763671875,0.010582100600004196
23,475.9261169433594,36.01512908935547,0.001811358262784779,1150.42626953125,86.5257797241211,0.0016612997278571129,469.4102478027344,37.21082305908203,0.008541559800505638
24,475.5115661621094,36.192626953125,0.0021100775338709354,1150.2928466796875,86.05352783203125,0.0017889590235427022,469.0594482421875,37.22489929199219,0.009867078624665737
25,476.0951843261719,35.793216705322266,0.002430703490972519,1150.3607177734375,86.22819519042969,0.0016328489873558283,469.94482421875,37.12992858886719,0.011356149800121784
26,475.6424865722656,36.27029037475586,0.001864845398813486,1150.4068603515625,86.71029663085938,0.0017669136868789792,469.49078369140625,37.33840560913086,0.009065830148756504
27,475.96533203125,36.46993637084961,0.0019720792770385742,1150.7333984375,86.46678924560547,0.0016009446699172258,469.4094543457031,37.509765625,0.008535315282642841
28,476.2183532714844,36.55630874633789,0.0011811924632638693,1150.28759765625,86.67912292480469,0.0018679073546081781,469.6672058105469,37.71001052856445,0.005918439943343401
29,475.89459228515625,36.558074951171875,0.0015474198153242469,1150.0601806640625,86.74950408935547,0.0016154927434399724,469.5296325683594,37.70005798339844,0.007996663451194763
30,475.3668518066406,36.333763122558594,0.0020454018376767635,1150.358154296875,86.60033416748047,0.0018111546523869038,469.1689453125,37.39442443847656,0.009619436226785183
31,475.8905029296875,36.25611877441406,0.0018369787139818072,1150.4622802734375,86.66624450683594,0.002182117197662592,469.5139465332031,37.49061584472656,0.010825876146554947
32,475.6001281738281,35.84212875366211,0.0028617922216653824,1150.7562255859375,86.34107208251953,0.0014048157026991248,469.5401916503906,37.021881103515625,0.011326209641993046
33,476.1431579589844,36.61745834350586,0.0015107975341379642,1150.599365234375,86.45173645019531,0.0014107567258179188,469.9555358886719,37.79416275024414,0.00874600000679493
34,476.04962158203125,36.24024200439453,0.0018065253971144557,1150.40966796875,86.55970001220703,0.0015644878149032593,469.5298767089844,37.341705322265625,0.007917446084320545
35,476.44769287109375,36.24608612060547,0.0015195813030004501,1151.206787109375,86.15545654296875,0.0011289470130577683,469.848876953125,37.4499626159668,0.007827541790902615
36,476.474365234375,36.6169548034668,0.001421369262970984,1150.5721435546875,86.75579833984375,0.0019989146385341883,470.0036315917969,37.64143371582031,0.006830728612840176
37,476.470947265625,36.47161865234375,0.001317657995969057,1150.338134765625,86.43014526367188,0.001763565349392593,472.1649169921875,34.16530227661133,0.006524167954921722
38,475.3924560546875,36.53723907470703,0.001936411834321916,474.44134521484375,34.26343536376953,0.0018347568111494184,471.78076171875,34.44828796386719,0.009940843097865582
39,476.3116760253906,36.13518524169922,0.0015314493793994188,1150.2254638671875,86.53065490722656,0.0015637186588719487,469.33758544921875,37.324851989746094,0.00694570317864418
40,475.8951110839844,36.34837341308594,0.001609151135198772,1150.454345703125,86.61454772949219,0.0017534346552565694,469.6423034667969,37.473575592041016,0.00797625258564949
41,476.1041564941406,36.385799407958984,0.0015597266610711813,1150.18212890625,86.78459930419922,0.002529946155846119,469.7476501464844,37.578216552734375,0.007332372013479471
42,476.2129211425781,36.07145309448242,0.0018450473435223103,1150.82470703125,86.2025146484375,0.0020496079232543707,469.6289367675781,37.442928314208984,0.009461590088903904
43,475.406494140625,36.19644546508789,0.0020913451444357634,1150.09033203125,86.78353118896484,0.0017428502906113863,468.9570617675781,37.18165588378906,0.008731977082788944
44,475.9716796875,36.239803314208984,0.0018310507293790579,1150.47412109375,86.48892211914062,0.0026695618871599436,469.6430969238281,37.406715393066406,0.009247954934835434
45,476.33282470703125,36.159725189208984,0.0019011651165783405,1150.51318359375,86.4467544555664,0.002115435665473342,470.13043212890625,37.34260559082031,0.00997695978730917
46,476.0522766113281,36.26103973388672,0.002233963692560792,474.0914001464844,33.8312873840332,0.0015078289434313774,469.78076171875,37.43102264404297,0.010607913136482239
47,475.76171875,35.9824333190918,0.002299021929502487,1150.7469482421875,86.32665252685547,0.0022212332114577293,469.8015441894531,37.1771354675293,0.00983202364295721
48,476.02716064453125,36.23177719116211,0.002134801587089896,474.1922912597656,33.908485412597656,0.0015775385545566678,469.62860107421875,37.393898010253906,0.009594484232366085
49,475.4015197753906,36.13282012939453,0.002060498809441924,474.5764465332031,33.826656341552734,0.0015615358715876937,469.35504150390625,37.26108169555664,0.012139798142015934
50,476.0606384277344,36.22056198120117,0.00161038339138031,1150.2860107421875,86.39531707763672,0.0015008706832304597,469.65643310546875,37.44828414916992,0.009005241096019745
51,475.2796630859375,36.16758346557617,0.002146319951862097,474.240966796875,33.91581344604492,0.001599542680196464,468.8189697265625,37.24201965332031,0.010457538068294525
52,476.27752685546875,36.356353759765625,0.0016980973305180669,1150.1378173828125,86.78495025634766,0.0022162471432238817,469.7788391113281,37.54048156738281,0.009435000829398632
53,476.1639099121094,36.59541320800781,0.0015179674373939633,1150.3079833984375,86.572021484375,0.0014434033073484898,472.64410400390625,34.256072998046875,0.009966015815734863
54,476.6661376953125,36.77863311767578,0.0013157015200704336,1150.1103515625,86.9308853149414,0.0018859000410884619,473.1161804199219,34.3626708984375,0.007817892357707024
55,475.0785827636719,36.00775909423828,0.0025736303068697453,474.1886291503906,34.21873474121094,0.0018024574965238571,469.0238342285156,37.22633361816406,0.013405059464275837
56,476.27508544921875,35.92704772949219,0.002245537471026182,1150.62890625,86.55867004394531,0.002001173095777631,469.8487854003906,37.048431396484375,0.00900690071284771
57,476.5079345703125,36.55195999145508,0.0015325091080740094,1150.15380859375,86.72425842285156,0.0017976905219256878,469.97161865234375,37.53791046142578,0.007713578641414642
58,475.38616943359375,35.97083282470703,0.0027253220323473215,474.30572509765625,33.949790954589844,0.0017925568390637636,469.2127990722656,37.12348175048828,0.013200330547988415
59,475.8493957519531,36.073360443115234,0.0017638752469792962,1150.765869140625,86.7112045288086,0.0014600667636841536,469.4415283203125,37.33314514160156,0.009330802597105503
60,475.78973388671875,36.237060546875,0.0021610474213957787,1150.6585693359375,86.75106048583984,0.002531099133193493,472.4134216308594,33.88211441040039,0.011611062102019787
61,476.16436767578125,36.262271881103516,0.0019099059281870723,1150.6375732421875,86.64190673828125,0.001217888668179512,469.9678039550781,37.42161560058594,0.008835164830088615
62,475.8156433105469,36.376373291015625,0.0014852442545816302,1150.718994140625,86.47238159179688,0.0016019927570596337,469.81915283203125,37.43449401855469,0.00848454050719738
63,475.2603454589844,35.934452056884766,0.0027717705816030502,473.7074890136719,33.51807403564453,0.0018808033782988787,469.6185302734375,37.172149658203125,0.01386930700391531
64,476.0048522949219,36.46375274658203,0.0019203138072043657,1150.3978271484375,86.28311157226562,0.0018903797026723623,469.9458923339844,37.5850830078125,0.01034950278699398
65,3.752988338470459,603.419921875,0.030761685222387314,2.4232430458068848,603.3026733398438,0.015079672448337078,1.3804917335510254,603.5789184570312,0.1829558163881302
66,3.2956902980804443,603.401611328125,0.04624398425221443,3.269038677215576,603.5421142578125,0.03509306162595749,0.1396193504333496,603.6851196289062,0.22914835810661316
67,4.243114948272705,604.1594848632812,0.03878926858305931,2.861445188522339,603.9348754882812,0.04382900521159172,0.5358314514160156,604.0214233398438,0.2574937045574188
68,4.434418678283691,604.2239990234375,0.08130133897066116,4.0279998779296875,604.3064575195312,0.04726041480898857,0.5597405433654785,603.9678344726562,0.3003322184085846
69,5.240452289581299,604.020263671875,0.09651514887809753,4.407200813293457,603.77587890625,0.06855215132236481,0.38423919677734375,603.8914794921875,0.2879787087440491
70,2.039088249206543,542.95361328125,0.04508769139647484,3.790335178375244,604.53125,0.05185253173112869,-0.060549259185791016,604.7395629882812,0.22843916714191437
71,4.97451639175415,603.9674682617188,0.09364384412765503,3.452315092086792,603.7617797851562,0.0787716656923294,2.0705509185791016,604.2017211914062,0.43175119161605835
72,4.611630916595459,604.0171508789062,0.04920065030455589,2.925461769104004,603.8457641601562,0.07936699688434601,2.214423418045044,604.21826171875,0.3387191593647003
73,3.9761838912963867,604.8461303710938,0.08071572333574295,3.8624753952026367,604.649169921875,0.12635935842990875,2.5382308959960938,604.9583740234375,0.33108967542648315
74,3.395341634750366,604.1893920898438,0.09199133515357971,3.909813642501831,604.2522583007812,0.15257012844085693,88.22718811035156,605.4075927734375,0.4575633704662323
75,3.052933692932129,604.3396606445312,0.1268937736749649,4.504119873046875,604.4744873046875,0.19644607603549957,97.92462921142578,606.5612182617188,0.665138304233551
76,4.734048366546631,598.719970703125,0.35725629329681396,5.6548919677734375,603.5170288085938,0.3158866763114929,98.40241241455078,606.2052612304688,0.8369243144989014
77,5.187751770019531,603.0987548828125,0.08792530000209808,3.9158430099487305,603.9695434570312,0.31999820470809937,98.47978973388672,606.4548950195312,0.8402736186981201
78,2.979527235031128,604.9759521484375,0.26638704538345337,20.7429141998291,604.5301513671875,0.5417940020561218,86.562255859375,606.4910278320312,0.8696233630180359
79,3.0920114517211914,604.9808959960938,0.3185083866119385,35.78752517700195,604.170166015625,0.6849496364593506,103.36754608154297,606.8665161132812,0.9235784411430359
80,2.976165771484375,604.5064697265625,0.30588406324386597,41.28409194946289,604.9098510742188,0.7676863074302673,127.5739974975586,607.11181640625,0.8710066676139832
81,2.3238096237182617,603.4985961914062,0.26728373765945435,50.72918701171875,604.769287109375,0.8238097429275513,149.0758514404297,606.3540649414062,0.8493626713752747
82,3.242532730102539,602.8053588867188,0.32312920689582825,52.146690368652344,604.4617309570312,0.833236813545227,160.35202026367188,606.5192260742188,0.7515720129013062
83,3.2923145294189453,603.3951416015625,0.32371366024017334,52.91611099243164,603.7310791015625,0.8314158320426941,163.87893676757812,606.6843872070312,0.7226706147193909
84,3.0352234840393066,604.5842895507812,0.30596593022346497,66.94644165039062,604.5187377929688,0.879978597164154,163.80323791503906,606.29638671875,0.762825608253479
85,24.49172019958496,604.4620361328125,0.4194704294204712,69.52333068847656,604.15625,0.8467002511024475,163.7108154296875,605.7295532226562,0.8111392855644226
86,26.3232479095459,604.1193237304688,0.5266070365905762,81.31273651123047,603.5096435546875,0.8445480465888977,162.91595458984375,607.4276733398438,0.7864513397216797
87,27.81377410888672,603.9568481445312,0.39518553018569946,60.07578659057617,602.857177734375,0.6127315163612366,163.1241912841797,606.93505859375,0.7583293914794922
88,28.340177536010742,604.5764770507812,0.38601648807525635,60.500892639160156,603.7486572265625,0.5915918350219727,163.43858337402344,606.5761108398438,0.7399247884750366
89,27.742656707763672,604.8680419921875,0.5306513905525208,96.84188079833984,603.3663330078125,0.8404200077056885,203.797119140625,608.2089233398438,0.6917587518692017
90,28.89678192138672,605.3934936523438,0.5548478960990906,102.98639678955078,603.54736328125,0.8933786153793335,203.4951629638672,608.2858276367188,0.7738314270973206
91,34.63727951049805,604.638916015625,0.5632550120353699,109.62068176269531,604.4169311523438,0.880362331867218,203.90219116210938,608.6216430664062,0.743486762046814
92,26.774250030517578,605.0592041015625,0.6920518279075623,109.9378890991211,605.0431518554688,0.8883352279663086,204.9973907470703,608.8485717773438,0.8016344904899597
93,51.29878234863281,605.1708984375,0.8003202676773071,115.56869506835938,605.9638671875,0.9323219656944275,205.0723419189453,608.021240234375,0.8435741066932678
94,65.0282211303711,605.2396240234375,0.8414985537528992,134.22750854492188,606.3342895507812,0.8782873153686523,205.6444549560547,607.6453247070312,0.804444432258606
95,67.93684387207031,605.7147827148438,0.8194610476493835,128.65115356445312,606.9493408203125,0.912824809551239,204.89598083496094,608.8049926757812,0.7528310418128967
96,68.03369140625,604.1577758789062,0.7889440655708313,131.10324096679688,605.2003784179688,0.9225310683250427,204.89651489257812,608.525634765625,0.757423996925354
97,69.0694351196289,603.4844360351562,0.6565637588500977,134.4052734375,604.0682983398438,0.8806912302970886,207.06814575195312,608.036376953125,0.7537029385566711
98,75.20084381103516,603.4683837890625,0.620721161365509,142.78146362304688,605.9067993164062,0.8493057489395142,206.4896240234375,608.7872924804688,0.5264566540718079
99,113.49677276611328,605.7034912109375,0.3904884159564972,149.90237426757812,605.932373046875,0.7150602340698242,322.62054443359375,608.6867065429688,0.778519332408905
100,132.1020050048828,606.9788818359375,0.8434479832649231,176.8001251220703,608.3204956054688,0.6067824959754944,323.9119873046875,609.0521850585938,0.5211005210876465
101,133.52658081054688,603.6309814453125,0.9122463464736938,211.2247772216797,609.3541870117188,0.6218045353889465,323.8329162597656,609.4440307617188,0.6205698847770691
102,136.741455078125,603.6239624023438,0.8138616681098938,230.9556427001953,609.5426635742188,0.7347318530082703,323.60076904296875,609.3340454101562,0.7879339456558228
103,136.6410369873047,603.501220703125,0.8573915362358093,211.5523223876953,608.838134765625,0.8675866723060608,322.56707763671875,608.4428100585938,0.7407490611076355
104,138.1116485595703,603.900390625,0.840400755405426,214.48011779785156,609.7490844726562,0.9250220656394958,273.0973205566406,607.5498046875,0.8005662560462952
105,141.736083984375,605.7189331054688,0.8805559277534485,230.37924194335938,609.3111572265625,0.9071844220161438,307.01129150390625,608.0255126953125,0.8067728877067566
106,145.68019104003906,606.202392578125,0.9082697033882141,241.52825927734375,608.593505859375,0.8955774307250977,323.5896301269531,608.8606567382812,0.8952855467796326
107,146.8360137939453,607.0885009765625,0.883289635181427,245.0162353515625,608.9353637695312,0.806827962398529,334.92669677734375,609.3502197265625,0.904966413974762
108,147.29493713378906,606.39453125,0.802052915096283,256.9886779785156,608.0764770507812,0.8358523845672607,337.3362121582031,609.0162353515625,0.9139940142631531
109,147.31268310546875,606.4347534179688,0.7508724927902222,261.9908752441406,608.2274169921875,0.8695093393325806,379.7469787597656,609.9658203125,0.9030635356903076
110,148.06692504882812,605.3688354492188,0.7902112603187561,262.1439514160156,608.3818969726562,0.8338484764099121,396.8703308105469,610.5513305664062,0.9089892506599426
111,149.61077880859375,606.3546752929688,0.5804915428161621,260.55230712890625,609.0675048828125,0.7689809799194336,416.37921142578125,611.222900390625,0.9244827628135681
112,177.13323974609375,607.1800537109375,0.565902054309845,288.8310852050781,608.2306518554688,0.7104819416999817,430.550048828125,611.7898559570312,0.9210513830184937
113,178.53834533691406,606.7847290039062,0.6530019044876099,289.0644836425781,607.8230590820312,0.823219895362854,445.44561767578125,612.2588500976562,0.895751953125
114,179.47000122070312,606.992919921875,0.5707564353942871,259.42169189453125,609.2066650390625,0.46943235397338867,452.5384826660156,613.770263671875,0.8854972720146179
115,177.13314819335938,607.5491333007812,0.4837801158428192,369.0398864746094,610.72119140625,0.6082638502120972,453.2215270996094,613.1304931640625,0.9084839224815369
116,175.58294677734375,608.5077514648438,0.3043741285800934,372.1353454589844,610.6721801757812,0.586074948310852,453.3965759277344,612.5524291992188,0.9169127345085144
117,177.7725067138672,609.55419921875,0.16107383370399475,381.94378662109375,611.5037231445312,0.3334570527076721,451.8157958984375,611.809814453125,0.8878302574157715
118,290.4197998046875,609.1490478515625,0.3246995508670807,353.9886779785156,611.3535766601562,0.5591774582862854,451.3282775878906,612.016357421875,0.915363073348999
119,275.07977294921875,608.451171875,0.5955755710601807,369.26910400390625,612.2435302734375,0.8657873868942261,450.52374267578125,611.6357421875,0.9403684139251709
120,276.33587646484375,609.1702880859375,0.8154357671737671,369.4951477050781,612.1659545898438,0.9106565117835999,451.1920471191406,610.9899291992188,0.9369760751724243
121,290.6894226074219,608.83154296875,0.8616954684257507,370.65692138671875,612.0449829101562,0.9212830066680908,455.2540588378906,611.4850463867188,0.8977442979812622
122,292.43011474609375,608.614501953125,0.8546157479286194,385.1870422363281,612.2398681640625,0.9021040797233582,460.2169494628906,611.9937133789062,0.9192731976509094
123,307.5033874511719,608.7540283203125,0.8361133337020874,387.11639404296875,612.7667846679688,0.9223009943962097,461.60406494140625,612.1015625,0.9122598767280579
124,308.24664306640625,608.3689575195312,0.8368713855743408,398.4733581542969,612.06787109375,0.9102428555488586,463.1503601074219,612.3883666992188,0.9151683449745178
125,309.5345153808594,607.7088012695312,0.7193632125854492,401.53802490234375,612.5474853515625,0.8817926645278931,465.2982482910156,611.9609985351562,0.876433253288269
126,340.4176940917969,609.520263671875,0.6311798095703125,418.2070617675781,611.9360961914062,0.8489167094230652,467.40496826171875,611.9025268554688,0.8102016448974609
127,354.79364013671875,609.0270385742188,0.6882786750793457,419.8416442871094,611.5440673828125,0.8132776618003845,469.01483154296875,611.2981567382812,0.6917538046836853
128,369.3511657714844,609.3544921875,0.6762382388114929,431.8116760253906,611.9790649414062,0.88322913646698,470.4486083984375,611.725830078125,0.567669153213501
129,391.4527893066406,610.216552734375,0.532336413860321,447.49237060546875,612.8286743164062,0.8503806591033936,526.8133544921875,613.8348388671875,0.5543490052223206
130,405.9590759277344,610.5997314453125,0.8179450631141663,467.3028564453125,611.891357421875,0.6316397786140442,544.4686889648438,614.4887084960938,0.4848335087299347
131,409.8763122558594,610.7073974609375,0.7842493653297424,496.4581298828125,612.579345703125,0.6150221228599548,558.2950439453125,614.1982421875,0.5323892831802368
132,414.7590637207031,611.6388549804688,0.8351752758026123,515.1328125,612.4061889648438,0.6501975059509277,571.2333984375,614.490966796875,0.5628649592399597
133,415.494873046875,611.526123046875,0.8717284202575684,496.9507141113281,612.6370239257812,0.7364083528518677,575.3500366210938,613.8742065429688,0.6689125299453735
134,413.35186767578125,611.5194091796875,0.8432149291038513,512.5249633789062,613.4906616210938,0.8536179661750793,574.6917724609375,611.9017944335938,0.810825526714325
135,416.945556640625,611.7694702148438,0.9267609119415283,516.082275390625,614.4569702148438,0.8957105875015259,590.6278076171875,611.6246948242188,0.8043116927146912
136,420.0779724121094,611.9569091796875,0.9240939617156982,529.6707763671875,614.6848754882812,0.8541372418403625,608.0995483398438,612.4248657226562,0.8485037088394165
137,420.1148376464844,611.3272705078125,0.9185970425605774,532.529296875,614.9892578125,0.8498665690422058,637.0022583007812,612.4691162109375,0.8371829986572266
138,421.7922668457031,612.77490234375,0.9001676440238953,545.8045043945312,615.0535888671875,0.9225797653198242,652.2169189453125,614.6073608398438,0.7261595129966736
139,421.9531555175781,612.2207641601562,0.7653965950012207,560.0595703125,615.210205078125,0.892956554889679,669.1856689453125,615.0607299804688,0.6480191946029663
140,457.85113525390625,610.6630249023438,0.6986135840415955,563.697998046875,614.7018432617188,0.8056243062019348,686.3663330078125,615.4098510742188,0.7152743339538574
141,457.2307434082031,610.519775390625,0.6536142230033875,593.5496826171875,614.8946533203125,0.5684680342674255,706.3314208984375,614.1476440429688,0.8021537065505981
142,458.14801025390625,610.2813720703125,0.6164848804473877,596.642333984375,613.365478515625,0.6629717350006104,710.4832763671875,612.821044921875,0.7718091011047363
143,458.1142272949219,610.8626708984375,0.6361203193664551,596.4337768554688,613.1654663085938,0.7162135243415833,710.3177490234375,612.8306884765625,0.7794479131698608
144,458.82177734375,611.41748046875,0.5656684637069702,635.6597290039062,612.5342407226562,0.5490784645080566,710.1548461914062,612.759521484375,0.8111303448677063
145,459.3310241699219,611.8283081054688,0.47652554512023926,626.8108520507812,613.734130859375,0.48590222001075745,710.2996826171875,612.4853515625,0.7418862581253052
146,556.7910766601562,613.4800415039062,0.34077689051628113,640.2054443359375,614.3990478515625,0.8062707781791687,752.0214233398438,611.4579467773438,0.7254193425178528
147,555.254150390625,613.528564453125,0.39561060070991516,641.9285888671875,615.5667724609375,0.847279965877533,750.039306640625,613.7744140625,0.7708370089530945
148,560.7761840820312,613.3616333007812,0.555708110332489,642.5078735351562,615.0391845703125,0.92796391248703,748.9694213867188,612.8967895507812,0.7281678915023804
149,569.2359619140625,613.8579711914062,0.4131383001804352,645.2528076171875,615.1868286132812,0.9152706861495972,750.4959106445312,612.1886596679688,0.8817831873893738
150,586.9514770507812,613.6216430664062,0.8757542371749878,659.4364013671875,615.0968627929688,0.9338275194168091,752.0006103515625,610.8613891601562,0.8838176727294922
151,597.39404296875,613.1389770507812,0.8773925304412842,671.8809204101562,615.2261352539062,0.9024061560630798,754.30615234375,611.2973022460938,0.8815988898277283
152,610.1385498046875,612.9241943359375,0.8313513398170471,676.92041015625,614.4866943359375,0.9053156971931458,756.025146484375,611.1384887695312,0.871697723865509
153,626.53076171875,613.1807250976562,0.7692874670028687,690.5408325195312,614.40673828125,0.8780913949012756,757.1558227539062,611.2828369140625,0.7087717652320862
154,642.3436279296875,614.2171020507812,0.5622838139533997,703.5548095703125,614.8643188476562,0.7720975279808044,758.0990600585938,611.5286865234375,0.4659688472747803
155,674.8449096679688,613.6917724609375,0.6342186331748962,718.6751098632812,614.5698852539062,0.7505632042884827,834.7393188476562,611.75439453125,0.5777913331985474
156,679.6763916015625,612.9585571289062,0.8970547914505005,754.57275390625,611.8233642578125,0.7174208760261536,833.3632202148438,611.7093505859375,0.666771650314331
157,686.424560546875,613.7284545898438,0.8770666122436523,772.7623901367188,612.747314453125,0.851133406162262,843.63427734375,612.54833984375,0.6558235287666321
158,686.4419555664062,613.3494873046875,0.9045606851577759,772.3057861328125,613.5020751953125,0.8949622511863708,858.7896118164062,612.9668579101562,0.74275141954422
159,687.3817749023438,613.6640014648438,0.9166549444198608,784.968505859375,613.78466796875,0.8779799938201904,846.4285888671875,612.0339965820312,0.8063912987709045
160,687.2940063476562,613.3858642578125,0.9461978673934937,788.2228393554688,614.3407592773438,0.9121771454811096,867.1808471679688,611.86328125,0.9280290603637695
161,689.1534423828125,613.7550659179688,0.9687668085098267,798.6885986328125,613.353515625,0.9106281399726868,884.8880004882812,612.40185546875,0.8310068845748901
162,690.81103515625,613.7455444335938,0.9633603692054749,801.25927734375,614.2066650390625,0.9189061522483826,910.1253051757812,611.272216796875,0.8938387632369995
163,691.8119506835938,613.862060546875,0.9559760689735413,803.1119995117188,614.1473999023438,0.930527925491333,926.426025390625,610.4857788085938,0.8942610025405884
164,692.7570190429688,614.2305908203125,0.9121596813201904,806.1449584960938,613.7123413085938,0.8788662552833557,942.9094848632812,610.5001831054688,0.8576160073280334
165,693.7844848632812,614.136474609375,0.8317474722862244,817.6022338867188,614.0394287109375,0.7763895392417908,956.9197998046875,612.3568725585938,0.8668074607849121
166,731.683349609375,612.9814453125,0.6716002821922302,819.0211791992188,612.9324951171875,0.8091992139816284,974.1976318359375,611.3988037109375,0.9335628151893616
167,732.292724609375,613.4205322265625,0.7580514550209045,816.1790771484375,612.493408203125,0.7356366515159607,986.0882568359375,614.1018676757812,0.91753751039505
168,734.634521484375,613.768798828125,0.7907378673553467,837.94482421875,612.0795288085938,0.7119410037994385,980.7616577148438,611.5687255859375,0.7509985566139221
169,734.9092407226562,613.5707397460938,0.7692623734474182,852.093994140625,612.2379760742188,0.7161473631858826,979.3880004882812,611.344970703125,0.7673236131668091
170,733.827880859375,613.5357055664062,0.6552051901817322,912.2732543945312,612.1492309570312,0.7192499041557312,979.4706420898438,611.5821533203125,0.8064202666282654
171,734.0283813476562,614.0575561523438,0.5038759112358093,928.6536254882812,610.4801635742188,0.4219050705432892,980.4305419921875,611.3701171875,0.7712042927742004
172,818.3155517578125,613.3231811523438,0.8076601624488831,896.7745361328125,613.1782836914062,0.8324875831604004,982.2503051757812,611.80419921875,0.801986038684845
173,820.349365234375,612.4523315429688,0.7237551808357239,911.3096923828125,612.0563354492188,0.8782424926757812,993.4984130859375,612.2139892578125,0.801741361618042
174,834.3945922851562,612.8440551757812,0.5773403644561768,913.82861328125,612.1881713867188,0.8540109395980835,996.0197143554688,612.6666870117188,0.7700892686843872
175,847.7242431640625,612.7940673828125,0.8197852969169617,912.3535766601562,612.626708984375,0.9194254279136658,1008.994873046875,612.0687255859375,0.8638249039649963
176,855.76220703125,612.087890625,0.8620288372039795,928.6395263671875,612.7704467773438,0.9034197926521301,1014.1353149414062,611.6648559570312,0.8503947257995605
177,867.4119262695312,611.6129760742188,0.8126288056373596,941.7315673828125,610.9697265625,0.9155995845794678,1016.4349975585938,611.2683715820312,0.8016871213912964
178,883.5924072265625,611.6590576171875,0.7100147008895874,947.7296752929688,612.11376953125,0.9238567352294922,1016.0494384765625,611.5455322265625,0.7575809955596924
179,899.1605224609375,611.2871704101562,0.6967899799346924,959.6557006835938,611.7498779296875,0.9067004919052124,1018.7681274414062,610.9248046875,0.7289693355560303
180,916.6040649414062,610.9269409179688,0.5606510639190674,965.2606201171875,614.6028442382812,0.8271116018295288,1017.3648681640625,611.6348266601562,0.4993588924407959
181,935.7015380859375,611.1198120117188,0.831630289554596,994.5089721679688,612.7177124023438,0.7462751865386963,1108.029296875,610.062255859375,0.8260061740875244
182,938.729736328125,610.3118286132812,0.7979816198348999,996.9027099609375,611.093505859375,0.674001157283783,1106.89013671875,610.2255249023438,0.7998857498168945
183,945.9426879882812,610.506591796875,0.9075419306755066,1054.6148681640625,611.953857421875,0.5730676054954529,1107.98046875,609.9745483398438,0.7435669302940369
184,944.0529174804688,610.5433959960938,0.9193124175071716,1045.08056640625,612.0260620117188,0.790911078453064,1121.7803955078125,610.180419921875,0.7684697508811951
185,944.4417114257812,610.489501953125,0.9433188438415527,1044.8834228515625,613.0929565429688,0.8729744553565979,1120.049072265625,609.6353759765625,0.7823075652122498
186,944.7783203125,610.5795288085938,0.9443525075912476,1058.55712890625,612.9744873046875,0.8659153580665588,1123.4088134765625,610.5843505859375,0.898198127746582
187,948.357666015625,611.2632446289062,0.8298536539077759,1061.6993408203125,613.1348876953125,0.8314857482910156,1135.2628173828125,610.3787841796875,0.9015749096870422
188,949.5694580078125,611.0240478515625,0.8751534223556519,1072.55126953125,612.3704833984375,0.7900505065917969,1162.26025390625,611.7333984375,0.7094951272010803
189,951.3123779296875,611.1865234375,0.8102786540985107,1071.8818359375,612.9117431640625,0.7863216400146484,1185.0062255859375,611.4395141601562,0.7634974718093872
190,955.4234008789062,610.7706909179688,0.8476956486701965,1062.025146484375,613.6793823242188,0.8609278202056885,1187.630615234375,610.6907348632812,0.6492865085601807
191,955.8895263671875,610.69921875,0.6573911905288696,1074.7537841796875,612.5839233398438,0.8395213484764099,1186.5054931640625,611.018798828125,0.6956413388252258
192,959.5125732421875,612.5337524414062,0.5933102965354919,1090.8505859375,611.1500244140625,0.8584324717521667,1187.0855712890625,610.76318359375,0.6639918684959412
193,988.8649291992188,611.9476318359375,0.5128239989280701,1091.3936767578125,610.8078002929688,0.7142922282218933,1187.0439453125,610.9513549804688,0.6113338470458984
194,987.9844970703125,612.2366943359375,0.5241682529449463,1101.0220947265625,609.7833251953125,0.5070196390151978,1187.587646484375,610.8851928710938,0.5350449681282043
195,988.0894775390625,612.5639038085938,0.5106560587882996,1154.328125,610.6869506835938,0.39891988039016724,1187.89599609375,610.6633911132812,0.4041644334793091
196,1074.72900390625,611.875,0.3997509777545929,1167.498046875,610.873291015625,0.35883796215057373,1187.484130859375,610.7254638671875,0.2683788537979126
197,1075.2255859375,611.9664916992188,0.5888105034828186,1125.4862060546875,610.32373046875,0.5623168349266052,1161.780517578125,610.7132568359375,0.5040123462677002
198,1075.4022216796875,612.158447265625,0.7954829335212708,1138.843017578125,611.8543090820312,0.8797814846038818,1186.1649169921875,609.9586791992188,0.7574967741966248
199,1074.5506591796875,611.7261352539062,0.7149277925491333,1153.876953125,612.423095703125,0.7980449795722961,1187.78466796875,611.2954711914062,0.2286563366651535
200,1080.474853515625,611.2373657226562,0.6162751317024231,1153.4862060546875,612.27587890625,0.7481962442398071,1188.649169921875,611.4271240234375,0.322555810213089
201,1107.1895751953125,612.40576171875,0.835597038269043,1168.8590087890625,611.8783569335938,0.8497987389564514,1193.990478515625,611.0889282226562,0.2756873071193695
202,1106.456298828125,612.023681640625,0.6636929512023926,1169.22021484375,611.1124877929688,0.7209452390670776,1193.281494140625,611.0911865234375,0.3288857340812683
203,1100.6138916015625,611.8897094726562,0.40452468395233154,1167.362548828125,611.18017578125,0.5046535730361938,1190.289794921875,609.7286987304688,0.23152488470077515
204,1100.720458984375,612.0159912109375,0.3898383677005768,1165.61962890625,611.2992553710938,0.353904128074646,1190.131103515625,608.6723022460938,0.17022395133972168
205,1171.981201171875,612.0560913085938,0.35205408930778503,1181.474853515625,610.9335327148438,0.2252606600522995,1189.4537353515625,608.1757202148438,0.06791315227746964
206,1173.6470947265625,612.0166625976562,0.34030067920684814,1180.008544921875,610.8865356445312,0.24404430389404297,1184.1417236328125,611.4102783203125,0.091870978474617
207,1179.814697265625,611.6478881835938,0.37734904885292053,1180.026123046875,611.0416870117188,0.2829357087612152,1190.9217529296875,608.5720825195312,0.07297269999980927
208,1184.1943359375,612.6282958984375,0.30511948466300964,1179.023681640625,611.1608276367188,0.2798330783843994,1099.933837890625,610.3385009765625,0.1617119312286377
209,1104.0577392578125,612.00341796875,0.26072001457214355,1167.1334228515625,612.17431640625,0.4556627869606018,1189.8551025390625,611.201904296875,0.16135762631893158
210,1180.2064208984375,612.8411254882812,0.2435624897480011,1166.4912109375,612.38330078125,0.4486578702926636,1189.839111328125,611.6820068359375,0.21749788522720337
211,1180.427734375,612.2698364257812,0.24762997031211853,1179.2396240234375,611.1746215820312,0.34589675068855286,1189.4190673828125,610.9158935546875,0.13602383434772491
212,1184.3126220703125,613.7933349609375,0.24879077076911926,1178.569091796875,611.4656372070312,0.21503940224647522,1183.2078857421875,609.774658203125,0.07537785172462463
213,1184.5316162109375,615.4813232421875,0.13332444429397583,1200.7568359375,611.26416015625,0.009535510092973709,1149.406982421875,609.3663940429688,0.03586124628782272
214,1194.132568359375,610.437744140625,0.08293497562408447,1199.7679443359375,505.02362060546875,0.0029767146334052086,1182.649169921875,608.9823608398438,0.030561398714780807
215,1195.8004150390625,611.1466674804688,0.01854889467358589,1195.2705078125,608.7846069335938,0.0031702120322734118,1186.71044921875,610.4832763671875,0.04383475333452225
216,1195.1915283203125,611.4443359375,0.011887876316905022,1195.72509765625,538.0438232421875,0.00478820176795125,1186.8033447265625,611.7985229492188,0.03920948505401611
217,1194.54052734375,611.4429931640625,0.004320872947573662,1150.463623046875,86.99800109863281,0.002560861175879836,1187.4952392578125,611.4451904296875,0.01965932734310627
218,475.8030700683594,36.010948181152344,0.002107158536091447,1150.5130615234375,86.41316223144531,0.0016499471385031939,469.333984375,37.053138732910156,0.008992483839392662
219,475.6932678222656,36.042518615722656,0.0018038204871118069,1150.412353515625,86.3114013671875,0.0018763014813885093,471.8336486816406,34.236351013183594,0.010999944992363453
220,475.87078857421875,36.30091857910156,0.0017802369548007846,1150.8583984375,86.52013397216797,0.0014531700871884823,469.5442810058594,37.656166076660156,0.012275449000298977
221,475.89813232421875,35.81474685668945,0.002231162739917636,1150.4205322265625,86.69527435302734,0.0032484806142747402,469.5596618652344,37.01459503173828,0.009856164455413818
222,475.7730712890625,36.03992462158203,0.002371289301663637,1150.8272705078125,86.07799530029297,0.001371504389680922,469.74761962890625,37.25089645385742,0.011344860307872295
223,475.5986633300781,36.29290008544922,0.0018496845150366426,474.3485412597656,34.1297492980957,0.0014821852091699839,472.06597900390625,34.52400588989258,0.010650821961462498
224,1196.32666015625,492.1251525878906,0.0025658817030489445,1150.550537109375,86.42588806152344,0.0014377320185303688,1193.1976318359375,491.19158935546875,0.008903427980840206
225,1197.109130859375,490.8660583496094,0.0023902738466858864,1150.2984619140625,87.0681381225586,0.0018779052188619971,1194.31689453125,490.1117248535156,0.00950287003070116
226,1197.14404296875,488.7869567871094,0.0025227570440620184,1150.621337890625,86.69186401367188,0.0014232315588742495,469.4041442871094,37.24420928955078,0.008625372312963009
227,1197.375,486.61431884765625,0.002331289928406477,1150.7236328125,86.8442153930664,0.0022747523616999388,470.2115783691406,37.34922409057617,0.009952878579497337
228,1195.1773681640625,482.0080261230469,0.0021752920001745224,1150.5181884765625,86.2991714477539,0.0019253396894782782,469.79083251953125,37.724727630615234,0.00981936790049076
229,1196.791015625,473.7082824707031,0.008920438587665558,1193.6343994140625,473.3561096191406,0.004899987950921059,1193.79931640625,473.80615234375,0.02261381596326828
230,476.2967529296875,36.21787643432617,0.0016733951633796096,1150.80615234375,86.19107055664062,0.0016005635261535645,472.3626403808594,34.02250289916992,0.009746067225933075
231,475.7738037109375,36.10648727416992,0.0023698783479630947,1157.2301025390625,436.173828125,0.0020122670102864504,469.8040466308594,37.36405944824219,0.012054267339408398
232,1124.4356689453125,413.75689697265625,0.024095604196190834,1166.83740234375,421.3854675292969,0.005952434614300728,469.939208984375,37.2755241394043,0.00996826495975256
233,1132.921630859375,399.70361328125,0.21630500257015228,1133.84033203125,398.7691650390625,0.06853722035884857,1130.3818359375,398.9676513671875,0.0522942841053009
234,1149.6922607421875,392.14410400390625,0.02786976657807827,1180.442138671875,395.9380187988281,0.024035388603806496,469.6811218261719,37.17888259887695,0.009502488188445568
235,1178.9605712890625,393.7532958984375,0.02604050189256668,1181.7236328125,394.0517883300781,0.06888420879840851,1178.2210693359375,394.4935302734375,0.021665195003151894
236,1176.8006591796875,395.7349853515625,0.04090379551053047,1182.6767578125,395.3816833496094,0.02569984830915928,1174.1541748046875,396.3489990234375,0.013119431212544441
237,1197.145263671875,409.3460998535156,0.008754135109484196,1194.09130859375,407.7723693847656,0.00912061519920826,1193.83984375,409.9305114746094,0.00883696973323822
238,1194.7664794921875,416.4534912109375,0.020236097276210785,1197.6678466796875,415.53204345703125,0.009223826229572296,1193.139404296875,416.72821044921875,0.01411458756774664
239,1196.5072021484375,423.0784606933594,0.004226280376315117,474.4908142089844,33.88455581665039,0.0015627287793904543,469.2889099121094,37.1949348449707,0.011420756578445435
240,1194.24267578125,432.1177062988281,0.02432430349290371,1200.9361572265625,432.7732849121094,0.00555871706455946,1194.921630859375,433.79388427734375,0.031318891793489456
241,1196.600830078125,436.1011047363281,0.0029842162039130926,1150.74267578125,86.7938003540039,0.002572369994595647,468.95318603515625,37.184139251708984,0.009542303159832954
242,1198.5406494140625,432.04168701171875,0.003069699741899967,1150.050537109375,86.35672760009766,0.0018196252640336752,469.6595458984375,36.904197692871094,0.009764648973941803
243,475.8351745605469,36.223392486572266,0.0020301290787756443,1150.5660400390625,86.54459381103516,0.002262069610878825,469.8382568359375,37.5731086730957,0.009918547235429287
244,475.9417419433594,36.63624954223633,0.0013595399213954806,1150.3179931640625,86.77421569824219,0.0017532669007778168,471.8833923339844,34.41442108154297,0.008926928043365479
245,476.0152893066406,36.24640655517578,0.0018507755594328046,1150.5032958984375,86.45352935791016,0.001992954406887293,470.4646911621094,37.35022735595703,0.010557535104453564
246,476.4325256347656,36.1771354675293,0.001770682167261839,1150.5206298828125,86.89952850341797,0.001561935874633491,469.88067626953125,37.462684631347656,0.008457278832793236
247,475.5446472167969,35.98173904418945,0.002244724426418543,1150.6871337890625,86.7505874633789,0.0018469433998689055,469.4266662597656,37.18470001220703,0.012581778690218925
248,475.5654602050781,35.985572814941406,0.0023830134887248278,1150.5211181640625,86.80269622802734,0.001601087162271142,469.0228271484375,36.93767547607422,0.011947507038712502
249,475.5553894042969,36.34147644042969,0.0019519932102411985,1150.5303955078125,86.75408172607422,0.002270454540848732,471.6341247558594,34.63271713256836,0.010266799479722977
250,475.6270751953125,36.1007194519043,0.0020957263186573982,1150.3095703125,86.54885864257812,0.0022255817893892527,469.05291748046875,37.225006103515625,0.010880009271204472
251,475.74090576171875,36.31984329223633,0.002211300190538168,1150.571044921875,86.39329528808594,0.002214958192780614,469.6575012207031,37.32518768310547,0.009710503742098808
252,475.6513977050781,36.18596649169922,0.0019563892856240273,1150.663818359375,86.38274383544922,0.0013809003867208958,469.0495300292969,37.24982833862305,0.008879798464477062
253,476.2815856933594,36.061676025390625,0.0020220675505697727,474.2871398925781,33.946144104003906,0.0015012009534984827,469.9237365722656,37.10757064819336,0.01037297211587429
254,475.0367431640625,36.372459411621094,0.002292611403390765,1150.218017578125,86.44332122802734,0.0016757940175011754,468.7955017089844,37.42008590698242,0.011210384778678417
255,476.0652770996094,36.12828826904297,0.0018043090822175145,1150.7291259765625,86.31246948242188,0.001624851836822927,469.6468811035156,37.354942321777344,0.00865138042718172
256,475.6971130371094,36.18559265136719,0.001948487595655024,1150.642822265625,86.23389434814453,0.001432308228686452,469.575927734375,37.28346252441406,0.009983311407268047
257,475.8787841796875,36.40422821044922,0.0014928309246897697,1150.642333984375,86.61288452148438,0.0015875115059316158,469.3840637207031,37.43883514404297,0.007162890397012234
258,476.2908935546875,36.114173889160156,0.001960260793566704,1150.3541259765625,86.3143539428711,0.001090978505089879,470.23028564453125,37.41130828857422,0.010490432381629944
259,475.9128723144531,36.04392623901367,0.002115607727319002,1150.40185546875,86.6473159790039,0.0013354351976886392,469.53314208984375,37.340248107910156,0.010454188100993633
260,475.7093811035156,36.12080001831055,0.001961036119610071,1150.630859375,86.3714599609375,0.0018079052679240704,469.07861328125,37.26969909667969,0.009368074126541615
261,476.04266357421875,35.972721099853516,0.001917772926390171,1150.462890625,86.69376373291016,0.0017706999788060784,470.0976867675781,37.152320861816406,0.009350980632007122
262,475.5599670410156,35.91638946533203,0.0020169520284980536,1150.4337158203125,86.04450225830078,0.001519419951364398,468.8988952636719,36.832733154296875,0.008230813778936863
263,476.2650451660156,35.92948532104492,0.0018576803850010037,1150.5841064453125,86.66265106201172,0.0029740568716078997,470.23040771484375,37.32929229736328,0.00996681023389101
264,475.9949951171875,35.886051177978516,0.0020337481983006,1150.6912841796875,86.61577606201172,0.001917560352012515,472.0337829589844,33.98548889160156,0.011524628847837448
265,475.8097229003906,36.30311965942383,0.0019509030971676111,1149.74658203125,86.9516372680664,0.0019351118244230747,469.6103515625,37.290061950683594,0.01018412597477436
266,475.44049072265625,36.15171432495117,0.0018237307667732239,1151.0631103515625,86.24504852294922,0.001727841212414205,469.7139587402344,37.30153274536133,0.013071626424789429
267,476.1549987792969,36.513431549072266,0.0012960043968632817,1150.9652099609375,86.20227813720703,0.0012265910627320409,472.2880554199219,34.60568618774414,0.008177847601473331
268,475.8085632324219,35.96977615356445,0.0017134698573499918,1150.5126953125,86.83572387695312,0.00239821569994092,469.4790344238281,37.083770751953125,0.009464365430176258
269,476.0582580566406,36.173614501953125,0.0016773639945313334,1150.61669921875,86.53579711914062,0.0023313232231885195,469.3808898925781,37.38612365722656,0.00805811770260334
270,476.35595703125,36.210262298583984,0.0016843987395986915,1150.3006591796875,86.32302856445312,0.0016062143258750439,469.5540771484375,37.45271682739258,0.007583012804389
271,475.76953125,36.256866455078125,0.0015954929403960705,1150.7037353515625,86.42463684082031,0.001493091811425984,469.215576171875,37.549171447753906,0.008038368076086044
272,475.8648681640625,36.00249099731445,0.0020790898706763983,1150.7965087890625,86.73431396484375,0.0014574239030480385,469.7161865234375,37.36030197143555,0.009655600413680077
273,475.7460021972656,36.27969741821289,0.0021286578848958015,1150.5667724609375,86.6020278930664,0.001721452339552343,469.3426513671875,37.34855270385742,0.00982635747641325
274,475.536865234375,36.27760314941406,0.0018451036885380745,1150.75,86.38553619384766,0.0014048343291506171,469.131103515625,37.501827239990234,0.00919374544173479
275,475.4674987792969,36.432106018066406,0.0019898288883268833,474.0891418457031,34.134490966796875,0.0019234218634665012,472.2733154296875,34.322322845458984,0.010710043832659721
276,475.565185546875,36.615291595458984,0.0018117910949513316,1150.2708740234375,86.59547424316406,0.001959247048944235,469.2309265136719,37.722293853759766,0.009622185491025448
277,476.0667419433594,36.234336853027344,0.0013703560689464211,1150.2705078125,86.48088836669922,0.0021797192748636007,469.17877197265625,37.33412170410156,0.007872017100453377
278,475.6585693359375,36.3245964050293,0.0017271627439185977,1150.5540771484375,86.41915893554688,0.0028476787265390158,469.04193115234375,37.55478286743164,0.00964462198317051
279,476.1028137207031,36.10264587402344,0.0023775321897119284,1150.533935546875,86.91629028320312,0.0023036967031657696,472.52520751953125,34.13564682006836,0.012769252993166447
280,476.1957092285156,36.08442306518555,0.001689336495473981,1150.560546875,86.28841400146484,0.001568006700836122,472.0428161621094,34.28279495239258,0.008070182055234909
281,475.9351501464844,36.41644287109375,0.001785698113963008,1150.6064453125,86.67950439453125,0.002266263123601675,469.7210998535156,37.431034088134766,0.007762563414871693
282,476.28472900390625,36.42683410644531,0.0012922333553433418,1150.3472900390625,86.82681274414062,0.0026154511142522097,475.3958740234375,34.20802307128906,0.0070701660588383675
283,476.34722900390625,36.16474151611328,0.0020127305760979652,1150.620361328125,86.52596282958984,0.0020272627007216215,472.6112060546875,34.22265625,0.011271386407315731
284,476.31304931640625,36.347476959228516,0.0016010543331503868,1150.5400390625,86.71967315673828,0.0014313359279185534,472.14215087890625,34.613224029541016,0.008149311877787113
285,475.6627197265625,36.06201171875,0.0019115966279059649,1150.52490234375,86.55644226074219,0.0017876940546557307,471.12677001953125,34.76885986328125,0.010578890331089497
286,475.7178955078125,36.11600875854492,0.0017016957281157374,473.6009826660156,33.7387809753418,0.0013044581282883883,476.1421813964844,34.06429672241211,0.01222969125956297
287,476.04901123046875,36.55736541748047,0.0013648765161633492,1150.438232421875,86.9952163696289,0.0013635350624099374,469.4698486328125,37.80744171142578,0.009592634625732899
288,476.06451416015625,36.281890869140625,0.0019288548501208425,1150.30224609375,86.81207275390625,0.002234092215076089,469.9845275878906,37.28644561767578,0.007735179737210274
289,475.7276306152344,36.08732986450195,0.002493342151865363,1150.1326904296875,86.42400360107422,0.0020307840313762426,469.54144287109375,37.07528305053711,0.011160330846905708
290,475.8567810058594,35.85207748413086,0.001693777390755713,1150.6722412109375,86.1559066772461,0.0015911295777186751,469.3555603027344,37.06045913696289,0.009200376458466053
291,475.55364990234375,36.08948516845703,0.0022792359814047813,1150.79052734375,86.3338394165039,0.0021196806337684393,469.3746032714844,37.38230895996094,0.010857688263058662
292,476.3874816894531,36.28321838378906,0.0012761421967297792,1150.4248046875,86.63357543945312,0.0015655690804123878,469.8969421386719,37.45441436767578,0.009009991772472858
293,476.1541442871094,36.46950149536133,0.0015758053632453084,1150.8448486328125,86.53099060058594,0.0021787849254906178,470.1172180175781,37.94134521484375,0.010415978729724884
294,476.1794128417969,36.47407150268555,0.001482625724747777,1150.5667724609375,86.97181701660156,0.002014156198129058,471.5797119140625,34.678741455078125,0.00898344162851572
295,475.5523986816406,35.87623977661133,0.0025007568765431643,1150.7633056640625,86.54698181152344,0.00145716720726341,469.53692626953125,36.947547912597656,0.012006564065814018
296,476.63470458984375,36.62519836425781,0.001445062574930489,1150.8353271484375,86.91490173339844,0.0013890067348256707,473.1593017578125,34.24880599975586,0.009609824046492577
297,475.30853271484375,36.48164367675781,0.0015960558084771037,1150.8385009765625,85.77421569824219,0.0015938355354592204,471.8671569824219,34.46807861328125,0.008783732540905476
298,475.7229919433594,36.00026321411133,0.0020746684167534113,1150.63330078125,86.48165130615234,0.0017211124068126082,468.8482971191406,37.14927291870117,0.007846399210393429
299,476.4412841796875,36.12651443481445,0.0015277932398021221,1150.365234375,86.92164611816406,0.0023082110565155745,469.3343505859375,37.393211364746094,0.007291289512068033
300,475.9021911621094,36.62635040283203,0.001327063888311386,1150.3726806640625,86.37843322753906,0.001303302589803934,472.0445861816406,34.608863830566406,0.010468152351677418
301,476.3785705566406,36.834449768066406,0.001202880870550871,1150.211181640625,86.1463851928711,0.0012008179910480976,470.0545349121094,37.9764518737793,0.006709876470267773
302,475.9510192871094,36.026634216308594,0.001893353764899075,474.40557861328125,33.76998519897461,0.0012653183657675982,469.2570495605469,37.16695022583008,0.008926577866077423
303,475.77752685546875,36.26923370361328,0.0017768584657460451,1150.211669921875,86.8048324584961,0.002080812118947506,468.9010925292969,37.354156494140625,0.008006314747035503
304,475.66571044921875,36.19097900390625,0.0018475104589015245,1150.1573486328125,86.57930755615234,0.0021718544885516167,468.8490905761719,37.258907318115234,0.007965966127812862
305,476.2506103515625,36.5549201965332,0.00169636111240834,1150.401123046875,86.7302474975586,0.00188448338303715,469.97216796875,37.67872619628906,0.008800824172794819
306,475.332763671875,36.17877960205078,0.0021508948411792517,1150.5499267578125,86.20884704589844,0.0015548577066510916,469.4392395019531,37.26673889160156,0.010806075297296047
307,476.69805908203125,36.6645622253418,0.0013857701560482383,1150.408935546875,86.49916076660156,0.0013155675260350108,472.5811462402344,34.815032958984375,0.008467065170407295
308,476.0873107910156,36.48081588745117,0.0016518261982128024,1150.111572265625,87.00765991210938,0.0030346307903528214,472.6702575683594,34.1630744934082,0.008492663502693176
309,475.8314514160156,35.88684844970703,0.0017715372378006577,1150.5777587890625,86.40184020996094,0.0019344092579558492,469.33197021484375,37.208274841308594,0.009285719133913517
310,475.676513671875,36.48712158203125,0.001569631858728826,1150.5533447265625,86.59347534179688,0.002285827649757266,469.3467712402344,37.543739318847656,0.007255572360008955
311,475.5881652832031,36.396766662597656,0.0018180236220359802,1150.7716064453125,86.87457275390625,0.002657851902768016,469.34869384765625,37.43042755126953,0.010155201889574528
312,475.61175537109375,36.127525329589844,0.0021975133568048477,474.5884094238281,33.99383544921875,0.001796308089978993,469.18310546875,37.21210479736328,0.009675546549260616
313,475.587646484375,36.039581298828125,0.0019433643901720643,1150.4644775390625,86.4922866821289,0.0015287924325093627,469.6399230957031,37.362586975097656,0.01045667938888073
314,475.5567932128906,36.40180587768555,0.0018979620654135942,474.6532897949219,34.16183853149414,0.001367770484648645,471.59942626953125,34.535362243652344,0.010825207456946373
315,475.92950439453125,36.007911682128906,0.0017044246196746826,1150.4686279296875,86.85960388183594,0.0019793719984591007,471.51104736328125,34.625022888183594,0.010022560134530067
316,476.61529541015625,36.09162139892578,0.0017105595907196403,1150.3670654296875,86.26154327392578,0.001887473277747631,472.84906005859375,34.36166763305664,0.008759432472288609
317,475.5878601074219,36.14259338378906,0.0019454372813925147,1150.5150146484375,86.49589538574219,0.0025383061729371548,472.1019592285156,33.82379150390625,0.010253159329295158
318,476.2236633300781,36.13705062866211,0.0015409243060275912,1150.6575927734375,86.61643981933594,0.0021999592427164316,469.5980224609375,37.51593780517578,0.00809286069124937
319,476.1782531738281,36.23945617675781,0.001765305525623262,1150.434814453125,86.7400894165039,0.0023621965665370226,469.95892333984375,37.1035270690918,0.009023970924317837
320,475.6145324707031,36.44179916381836,0.0019212516490370035,1150.628173828125,86.39286804199219,0.001548099797219038,469.307373046875,37.44056701660156,0.009694654494524002
321,475.8171081542969,36.24106216430664,0.002253164304420352,1150.3233642578125,86.45512390136719,0.0017142643919214606,469.8424072265625,37.355812072753906,0.011691163294017315
322,476.1324462890625,36.57540512084961,0.001708274008706212,1150.78173828125,86.55516052246094,0.001632891595363617,472.31787109375,34.211761474609375,0.010232576169073582
323,476.2319030761719,36.20768737792969,0.002396291820332408,473.74700927734375,33.652095794677734,0.0017434966284781694,470.2406005859375,37.257057189941406,0.010432633571326733
324,476.623779296875,36.322330474853516,0.0017359002958983183,1150.2281494140625,86.35720825195312,0.0028554517775774,470.0056457519531,37.30552291870117,0.008182676509022713
325,475.7004699707031,36.734580993652344,0.001616089721210301,1150.6878662109375,86.80331420898438,0.001463020802475512,469.2855224609375,37.84455108642578,0.007543552666902542
326,475.8423156738281,36.16203689575195,0.0018392393831163645,1150.23095703125,86.64247131347656,0.002074514515697956,469.3580017089844,37.35013961791992,0.009045813232660294
